ISO-10303-21;
HEADER;
/* Generated by software containing ST-Developer
 * from STEP Tools, Inc. (www.steptools.com) 
 */

FILE_DESCRIPTION(
/* description */ (''),
/* implementation_level */ '2;1');

FILE_NAME(
/* name */ 'Termopares V1.step',
/* time_stamp */ '2025-11-27T12:20:34-05:00',
/* author */ (''),
/* organization */ (''),
/* preprocessor_version */ 'ST-DEVELOPER v20.1',
/* originating_system */ 'Autodesk Translation Framework v14.21.0.0',
/* authorisation */ '');

FILE_SCHEMA (('AUTOMOTIVE_DESIGN { 1 0 10303 214 3 1 1 }'));
ENDSEC;

DATA;
#10=MECHANICAL_DESIGN_GEOMETRIC_PRESENTATION_REPRESENTATION('',(#13,#14,
#15),#5178);
#11=SHAPE_REPRESENTATION_RELATIONSHIP('SRR','None',#5185,#12);
#12=ADVANCED_BREP_SHAPE_REPRESENTATION('',(#16,#17),#5177);
#13=STYLED_ITEM('',(#5195),#16);
#14=STYLED_ITEM('',(#5196),#3080);
#15=STYLED_ITEM('',(#5196),#17);
#16=MANIFOLD_SOLID_BREP('Cuerpo112',#3090);
#17=MANIFOLD_SOLID_BREP('Cuerpo113',#3091);
#18=(
BOUNDED_CURVE()
B_SPLINE_CURVE(2,(#4637,#4638,#4639),.UNSPECIFIED.,.F.,.F.)
B_SPLINE_CURVE_WITH_KNOTS((3,3),(1.59399266884025,1.62540192910452),
 .UNSPECIFIED.)
CURVE()
GEOMETRIC_REPRESENTATION_ITEM()
RATIONAL_B_SPLINE_CURVE((0.999992172909879,0.999992118184259,0.999992064341016))
REPRESENTATION_ITEM('')
);
#19=(
BOUNDED_CURVE()
B_SPLINE_CURVE(2,(#4653,#4654,#4655),.UNSPECIFIED.,.F.,.F.)
B_SPLINE_CURVE_WITH_KNOTS((3,3),(1.53590835488397,1.67052325546723),
 .UNSPECIFIED.)
CURVE()
GEOMETRIC_REPRESENTATION_ITEM()
RATIONAL_B_SPLINE_CURVE((0.999999341652764,0.999999320789084,0.999999301325412))
REPRESENTATION_ITEM('')
);
#20=(
BOUNDED_CURVE()
B_SPLINE_CURVE(2,(#4664,#4665,#4666),.UNSPECIFIED.,.F.,.F.)
B_SPLINE_CURVE_WITH_KNOTS((3,3),(5.41352466320981,5.54813988406973),
 .UNSPECIFIED.)
CURVE()
GEOMETRIC_REPRESENTATION_ITEM()
RATIONAL_B_SPLINE_CURVE((0.999999301302686,0.999999320767366,0.999999341632114))
REPRESENTATION_ITEM('')
);
#21=B_SPLINE_SURFACE_WITH_KNOTS('',1,3,((#4512,#4513,#4514,#4515),(#4516,
#4517,#4518,#4519)),.UNSPECIFIED.,.F.,.F.,.F.,(2,2),(4,4),(0.,1.00003736806035),
(-3.73680603467097E-5,1.00003736352006),.UNSPECIFIED.);
#22=B_SPLINE_SURFACE_WITH_KNOTS('',1,3,((#4525,#4526,#4527,#4528),(#4529,
#4530,#4531,#4532)),.UNSPECIFIED.,.F.,.F.,.F.,(2,2),(4,4),(0.,1.),(-8.35632893447029E-7,
1.),.UNSPECIFIED.);
#23=B_SPLINE_SURFACE_WITH_KNOTS('',1,3,((#4545,#4546,#4547,#4548),(#4549,
#4550,#4551,#4552)),.UNSPECIFIED.,.F.,.F.,.F.,(2,2),(4,4),(0.,1.),(0.,0.999999515501581),
 .UNSPECIFIED.);
#24=B_SPLINE_SURFACE_WITH_KNOTS('',1,3,((#4556,#4557,#4558,#4559),(#4560,
#4561,#4562,#4563)),.UNSPECIFIED.,.F.,.F.,.F.,(2,2),(4,4),(0.,1.00003666646854),
(-3.66664685378288E-5,1.00003666193012),.UNSPECIFIED.);
#25=B_SPLINE_SURFACE_WITH_KNOTS('',1,3,((#4567,#4568,#4569,#4570),(#4571,
#4572,#4573,#4574)),.UNSPECIFIED.,.F.,.F.,.F.,(2,2),(4,4),(0.,1.),(0.,0.999998407777712),
 .UNSPECIFIED.);
#26=B_SPLINE_SURFACE_WITH_KNOTS('',1,3,((#4578,#4579,#4580,#4581),(#4582,
#4583,#4584,#4585)),.UNSPECIFIED.,.F.,.F.,.F.,(2,2),(4,4),(0.,1.00003656815215),
(-3.65681521466765E-5,1.00003656326701),.UNSPECIFIED.);
#27=B_SPLINE_SURFACE_WITH_KNOTS('',1,3,((#4589,#4590,#4591,#4592),(#4593,
#4594,#4595,#4596)),.UNSPECIFIED.,.F.,.F.,.F.,(2,2),(4,4),(0.,1.),(-7.45074106252602E-7,
0.99999951541297),.UNSPECIFIED.);
#28=B_SPLINE_SURFACE_WITH_KNOTS('',1,3,((#4609,#4610,#4611,#4612),(#4613,
#4614,#4615,#4616)),.UNSPECIFIED.,.F.,.F.,.F.,(2,2),(4,4),(0.,1.),(0.,0.999999515434094),
 .UNSPECIFIED.);
#29=B_SPLINE_SURFACE_WITH_KNOTS('',1,3,((#4620,#4621,#4622,#4623),(#4624,
#4625,#4626,#4627)),.UNSPECIFIED.,.F.,.F.,.F.,(2,2),(4,4),(0.,1.00003736705851),
(-3.73670585078756E-5,1.00003736249356),.UNSPECIFIED.);
#30=B_SPLINE_CURVE_WITH_KNOTS('',3,(#4311,#4312,#4313,#4314,#4315,#4316,
#4317,#4318,#4319,#4320),.UNSPECIFIED.,.F.,.F.,(4,2,2,2,4),(0.191720499319918,
0.240436363119072,0.289152226918225,0.337077280982662,0.385002335047098),
 .UNSPECIFIED.);
#31=B_SPLINE_CURVE_WITH_KNOTS('',3,(#4323,#4324,#4325,#4326,#4327,#4328,
#4329,#4330,#4331,#4332),.UNSPECIFIED.,.F.,.F.,(4,2,2,2,4),(0.,0.047925054064437,
0.0958501081288739,0.144565971928027,0.19328183572718),.UNSPECIFIED.);
#32=B_SPLINE_CURVE_WITH_KNOTS('',3,(#4472,#4473,#4474,#4475,#4476,#4477),
 .UNSPECIFIED.,.F.,.F.,(4,2,4),(-0.105096236265843,-0.0525481181329201,
0.),.UNSPECIFIED.);
#33=B_SPLINE_CURVE_WITH_KNOTS('',3,(#4481,#4482,#4483,#4484,#4485,#4486),
 .UNSPECIFIED.,.F.,.F.,(4,2,4),(-0.105095228715766,-0.0525476143578835,
0.),.UNSPECIFIED.);
#34=B_SPLINE_CURVE_WITH_KNOTS('',3,(#4494,#4495,#4496,#4497,#4498,#4499),
 .UNSPECIFIED.,.F.,.F.,(4,2,4),(-0.104523092621457,-0.0522615463107105,
0.),.UNSPECIFIED.);
#35=B_SPLINE_CURVE_WITH_KNOTS('',3,(#4503,#4504,#4505,#4506,#4507,#4508),
 .UNSPECIFIED.,.F.,.F.,(4,2,4),(-0.104594046114611,-0.0522970230572989,
0.),.UNSPECIFIED.);
#36=B_SPLINE_CURVE_WITH_KNOTS('',3,(#4534,#4535,#4536,#4537,#4538,#4539),
 .UNSPECIFIED.,.F.,.F.,(4,2,4),(-0.0100000000084439,-0.00500000000843276,
0.),.UNSPECIFIED.);
#37=B_SPLINE_CURVE_WITH_KNOTS('',3,(#4598,#4599,#4600,#4601,#4602,#4603),
 .UNSPECIFIED.,.F.,.F.,(4,2,4),(-0.0100000000067083,-0.0050000000066996,
0.),.UNSPECIFIED.);
#38=B_SPLINE_CURVE_WITH_KNOTS('',3,(#4629,#4630,#4631,#4632,#4633,#4634),
 .UNSPECIFIED.,.F.,.F.,(4,2,4),(-0.00999996090764223,-0.0049999804494876,
0.),.UNSPECIFIED.);
#39=B_SPLINE_CURVE_WITH_KNOTS('',3,(#4835,#4836,#4837,#4838,#4839,#4840,
#4841,#4842,#4843,#4844),.UNSPECIFIED.,.F.,.F.,(4,2,2,2,4),(0.576722834367017,
0.62543869816617,0.674154561965324,0.72207961602976,0.770004670094197),
 .UNSPECIFIED.);
#40=B_SPLINE_CURVE_WITH_KNOTS('',3,(#4847,#4848,#4849,#4850,#4851,#4852,
#4853,#4854,#4855,#4856),.UNSPECIFIED.,.F.,.F.,(4,2,2,2,4),(0.385002335047098,
0.432927389111535,0.480852443175971,0.529568306975125,0.578284170774278),
 .UNSPECIFIED.);
#41=ELLIPSE('',#3128,12.2862139470292,4.00000000000001);
#42=ELLIPSE('',#3161,12.2862139470291,3.99999999999998);
#43=ELLIPSE('',#3168,9.37101351091384,9.371);
#44=ELLIPSE('',#3171,9.27101336673591,9.271);
#45=ELLIPSE('',#3175,9.27101063199853,9.271);
#46=ELLIPSE('',#3240,1.07454261208504,1.01599999999942);
#47=ELLIPSE('',#3241,1.34317826510707,1.27);
#48=ELLIPSE('',#3245,1.34317826510707,1.27);
#49=ELLIPSE('',#3247,1.07454261208574,1.01600000000009);
#50=ELLIPSE('',#3252,1.07454261208522,1.01599999999963);
#51=ELLIPSE('',#3254,1.34317826510707,1.27);
#52=ELLIPSE('',#3260,1.07454261208529,1.0159999999997);
#53=ELLIPSE('',#3261,1.34317826510707,1.27);
#54=FACE_BOUND('',#351,.T.);
#55=FACE_BOUND('',#352,.T.);
#56=FACE_BOUND('',#432,.T.);
#57=FACE_BOUND('',#433,.T.);
#58=FACE_BOUND('',#455,.T.);
#59=FACE_BOUND('',#456,.T.);
#60=FACE_BOUND('',#502,.T.);
#61=FACE_BOUND('',#504,.T.);
#62=FACE_BOUND('',#505,.T.);
#63=FACE_BOUND('',#506,.T.);
#64=FACE_BOUND('',#507,.T.);
#65=FACE_BOUND('',#508,.T.);
#66=FACE_BOUND('',#510,.T.);
#67=FACE_BOUND('',#511,.T.);
#68=FACE_BOUND('',#512,.T.);
#69=FACE_BOUND('',#513,.T.);
#70=PLANE('',#3111);
#71=PLANE('',#3112);
#72=PLANE('',#3117);
#73=PLANE('',#3118);
#74=PLANE('',#3120);
#75=PLANE('',#3121);
#76=PLANE('',#3122);
#77=PLANE('',#3125);
#78=PLANE('',#3129);
#79=PLANE('',#3135);
#80=PLANE('',#3137);
#81=PLANE('',#3138);
#82=PLANE('',#3139);
#83=PLANE('',#3141);
#84=PLANE('',#3142);
#85=PLANE('',#3143);
#86=PLANE('',#3144);
#87=PLANE('',#3147);
#88=PLANE('',#3148);
#89=PLANE('',#3163);
#90=PLANE('',#3164);
#91=PLANE('',#3165);
#92=PLANE('',#3170);
#93=PLANE('',#3174);
#94=PLANE('',#3177);
#95=PLANE('',#3181);
#96=PLANE('',#3182);
#97=PLANE('',#3184);
#98=PLANE('',#3185);
#99=PLANE('',#3187);
#100=PLANE('',#3188);
#101=PLANE('',#3189);
#102=PLANE('',#3190);
#103=PLANE('',#3191);
#104=PLANE('',#3192);
#105=PLANE('',#3193);
#106=PLANE('',#3194);
#107=PLANE('',#3195);
#108=PLANE('',#3196);
#109=PLANE('',#3197);
#110=PLANE('',#3198);
#111=PLANE('',#3199);
#112=PLANE('',#3200);
#113=PLANE('',#3201);
#114=PLANE('',#3202);
#115=PLANE('',#3203);
#116=PLANE('',#3204);
#117=PLANE('',#3205);
#118=PLANE('',#3206);
#119=PLANE('',#3207);
#120=PLANE('',#3208);
#121=PLANE('',#3209);
#122=PLANE('',#3210);
#123=PLANE('',#3211);
#124=PLANE('',#3213);
#125=PLANE('',#3214);
#126=PLANE('',#3215);
#127=PLANE('',#3216);
#128=PLANE('',#3217);
#129=PLANE('',#3218);
#130=PLANE('',#3220);
#131=PLANE('',#3223);
#132=PLANE('',#3224);
#133=PLANE('',#3225);
#134=PLANE('',#3226);
#135=PLANE('',#3227);
#136=PLANE('',#3228);
#137=PLANE('',#3230);
#138=PLANE('',#3231);
#139=PLANE('',#3232);
#140=PLANE('',#3235);
#141=PLANE('',#3236);
#142=PLANE('',#3237);
#143=PLANE('',#3238);
#144=PLANE('',#3239);
#145=PLANE('',#3242);
#146=PLANE('',#3249);
#147=PLANE('',#3250);
#148=PLANE('',#3255);
#149=PLANE('',#3256);
#150=PLANE('',#3257);
#151=PLANE('',#3258);
#152=PLANE('',#3259);
#153=PLANE('',#3264);
#154=PLANE('',#3265);
#155=PLANE('',#3266);
#156=PLANE('',#3270);
#157=PLANE('',#3271);
#158=PLANE('',#3272);
#159=PLANE('',#3276);
#160=PLANE('',#3277);
#161=PLANE('',#3278);
#162=PLANE('',#3282);
#163=PLANE('',#3283);
#164=PLANE('',#3284);
#165=PLANE('',#3288);
#166=PLANE('',#3289);
#167=PLANE('',#3290);
#168=PLANE('',#3294);
#169=PLANE('',#3295);
#170=PLANE('',#3296);
#171=PLANE('',#3300);
#172=PLANE('',#3301);
#173=PLANE('',#3302);
#174=PLANE('',#3306);
#175=PLANE('',#3307);
#176=PLANE('',#3308);
#177=PLANE('',#3312);
#178=PLANE('',#3313);
#179=PLANE('',#3314);
#180=PLANE('',#3315);
#181=PLANE('',#3320);
#182=PLANE('',#3325);
#183=PLANE('',#3327);
#184=PLANE('',#3328);
#185=PLANE('',#3330);
#186=PLANE('',#3333);
#187=FACE_OUTER_BOUND('',#347,.T.);
#188=FACE_OUTER_BOUND('',#348,.T.);
#189=FACE_OUTER_BOUND('',#349,.T.);
#190=FACE_OUTER_BOUND('',#350,.T.);
#191=FACE_OUTER_BOUND('',#353,.T.);
#192=FACE_OUTER_BOUND('',#354,.T.);
#193=FACE_OUTER_BOUND('',#355,.T.);
#194=FACE_OUTER_BOUND('',#356,.T.);
#195=FACE_OUTER_BOUND('',#357,.T.);
#196=FACE_OUTER_BOUND('',#358,.T.);
#197=FACE_OUTER_BOUND('',#359,.T.);
#198=FACE_OUTER_BOUND('',#360,.T.);
#199=FACE_OUTER_BOUND('',#361,.T.);
#200=FACE_OUTER_BOUND('',#362,.T.);
#201=FACE_OUTER_BOUND('',#363,.T.);
#202=FACE_OUTER_BOUND('',#364,.T.);
#203=FACE_OUTER_BOUND('',#365,.T.);
#204=FACE_OUTER_BOUND('',#366,.T.);
#205=FACE_OUTER_BOUND('',#367,.T.);
#206=FACE_OUTER_BOUND('',#368,.T.);
#207=FACE_OUTER_BOUND('',#369,.T.);
#208=FACE_OUTER_BOUND('',#370,.T.);
#209=FACE_OUTER_BOUND('',#371,.T.);
#210=FACE_OUTER_BOUND('',#372,.T.);
#211=FACE_OUTER_BOUND('',#373,.T.);
#212=FACE_OUTER_BOUND('',#374,.T.);
#213=FACE_OUTER_BOUND('',#375,.T.);
#214=FACE_OUTER_BOUND('',#376,.T.);
#215=FACE_OUTER_BOUND('',#377,.T.);
#216=FACE_OUTER_BOUND('',#378,.T.);
#217=FACE_OUTER_BOUND('',#379,.T.);
#218=FACE_OUTER_BOUND('',#380,.T.);
#219=FACE_OUTER_BOUND('',#381,.T.);
#220=FACE_OUTER_BOUND('',#382,.T.);
#221=FACE_OUTER_BOUND('',#383,.T.);
#222=FACE_OUTER_BOUND('',#384,.T.);
#223=FACE_OUTER_BOUND('',#385,.T.);
#224=FACE_OUTER_BOUND('',#386,.T.);
#225=FACE_OUTER_BOUND('',#387,.T.);
#226=FACE_OUTER_BOUND('',#388,.T.);
#227=FACE_OUTER_BOUND('',#389,.T.);
#228=FACE_OUTER_BOUND('',#390,.T.);
#229=FACE_OUTER_BOUND('',#391,.T.);
#230=FACE_OUTER_BOUND('',#392,.T.);
#231=FACE_OUTER_BOUND('',#393,.T.);
#232=FACE_OUTER_BOUND('',#394,.T.);
#233=FACE_OUTER_BOUND('',#395,.T.);
#234=FACE_OUTER_BOUND('',#396,.T.);
#235=FACE_OUTER_BOUND('',#397,.T.);
#236=FACE_OUTER_BOUND('',#398,.T.);
#237=FACE_OUTER_BOUND('',#399,.T.);
#238=FACE_OUTER_BOUND('',#400,.T.);
#239=FACE_OUTER_BOUND('',#401,.T.);
#240=FACE_OUTER_BOUND('',#402,.T.);
#241=FACE_OUTER_BOUND('',#403,.T.);
#242=FACE_OUTER_BOUND('',#404,.T.);
#243=FACE_OUTER_BOUND('',#405,.T.);
#244=FACE_OUTER_BOUND('',#406,.T.);
#245=FACE_OUTER_BOUND('',#407,.T.);
#246=FACE_OUTER_BOUND('',#408,.T.);
#247=FACE_OUTER_BOUND('',#409,.T.);
#248=FACE_OUTER_BOUND('',#410,.T.);
#249=FACE_OUTER_BOUND('',#411,.T.);
#250=FACE_OUTER_BOUND('',#412,.T.);
#251=FACE_OUTER_BOUND('',#413,.T.);
#252=FACE_OUTER_BOUND('',#414,.T.);
#253=FACE_OUTER_BOUND('',#415,.T.);
#254=FACE_OUTER_BOUND('',#416,.T.);
#255=FACE_OUTER_BOUND('',#417,.T.);
#256=FACE_OUTER_BOUND('',#418,.T.);
#257=FACE_OUTER_BOUND('',#419,.T.);
#258=FACE_OUTER_BOUND('',#420,.T.);
#259=FACE_OUTER_BOUND('',#421,.T.);
#260=FACE_OUTER_BOUND('',#422,.T.);
#261=FACE_OUTER_BOUND('',#423,.T.);
#262=FACE_OUTER_BOUND('',#424,.T.);
#263=FACE_OUTER_BOUND('',#425,.T.);
#264=FACE_OUTER_BOUND('',#426,.T.);
#265=FACE_OUTER_BOUND('',#427,.T.);
#266=FACE_OUTER_BOUND('',#428,.T.);
#267=FACE_OUTER_BOUND('',#429,.T.);
#268=FACE_OUTER_BOUND('',#430,.T.);
#269=FACE_OUTER_BOUND('',#431,.T.);
#270=FACE_OUTER_BOUND('',#434,.T.);
#271=FACE_OUTER_BOUND('',#435,.T.);
#272=FACE_OUTER_BOUND('',#436,.T.);
#273=FACE_OUTER_BOUND('',#437,.T.);
#274=FACE_OUTER_BOUND('',#438,.T.);
#275=FACE_OUTER_BOUND('',#439,.T.);
#276=FACE_OUTER_BOUND('',#440,.T.);
#277=FACE_OUTER_BOUND('',#441,.T.);
#278=FACE_OUTER_BOUND('',#442,.T.);
#279=FACE_OUTER_BOUND('',#443,.T.);
#280=FACE_OUTER_BOUND('',#444,.T.);
#281=FACE_OUTER_BOUND('',#445,.T.);
#282=FACE_OUTER_BOUND('',#446,.T.);
#283=FACE_OUTER_BOUND('',#447,.T.);
#284=FACE_OUTER_BOUND('',#448,.T.);
#285=FACE_OUTER_BOUND('',#449,.T.);
#286=FACE_OUTER_BOUND('',#450,.T.);
#287=FACE_OUTER_BOUND('',#451,.T.);
#288=FACE_OUTER_BOUND('',#452,.T.);
#289=FACE_OUTER_BOUND('',#453,.T.);
#290=FACE_OUTER_BOUND('',#454,.T.);
#291=FACE_OUTER_BOUND('',#457,.T.);
#292=FACE_OUTER_BOUND('',#458,.T.);
#293=FACE_OUTER_BOUND('',#459,.T.);
#294=FACE_OUTER_BOUND('',#460,.T.);
#295=FACE_OUTER_BOUND('',#461,.T.);
#296=FACE_OUTER_BOUND('',#462,.T.);
#297=FACE_OUTER_BOUND('',#463,.T.);
#298=FACE_OUTER_BOUND('',#464,.T.);
#299=FACE_OUTER_BOUND('',#465,.T.);
#300=FACE_OUTER_BOUND('',#466,.T.);
#301=FACE_OUTER_BOUND('',#467,.T.);
#302=FACE_OUTER_BOUND('',#468,.T.);
#303=FACE_OUTER_BOUND('',#469,.T.);
#304=FACE_OUTER_BOUND('',#470,.T.);
#305=FACE_OUTER_BOUND('',#471,.T.);
#306=FACE_OUTER_BOUND('',#472,.T.);
#307=FACE_OUTER_BOUND('',#473,.T.);
#308=FACE_OUTER_BOUND('',#474,.T.);
#309=FACE_OUTER_BOUND('',#475,.T.);
#310=FACE_OUTER_BOUND('',#476,.T.);
#311=FACE_OUTER_BOUND('',#477,.T.);
#312=FACE_OUTER_BOUND('',#478,.T.);
#313=FACE_OUTER_BOUND('',#479,.T.);
#314=FACE_OUTER_BOUND('',#480,.T.);
#315=FACE_OUTER_BOUND('',#481,.T.);
#316=FACE_OUTER_BOUND('',#482,.T.);
#317=FACE_OUTER_BOUND('',#483,.T.);
#318=FACE_OUTER_BOUND('',#484,.T.);
#319=FACE_OUTER_BOUND('',#485,.T.);
#320=FACE_OUTER_BOUND('',#486,.T.);
#321=FACE_OUTER_BOUND('',#487,.T.);
#322=FACE_OUTER_BOUND('',#488,.T.);
#323=FACE_OUTER_BOUND('',#489,.T.);
#324=FACE_OUTER_BOUND('',#490,.T.);
#325=FACE_OUTER_BOUND('',#491,.T.);
#326=FACE_OUTER_BOUND('',#492,.T.);
#327=FACE_OUTER_BOUND('',#493,.T.);
#328=FACE_OUTER_BOUND('',#494,.T.);
#329=FACE_OUTER_BOUND('',#495,.T.);
#330=FACE_OUTER_BOUND('',#496,.T.);
#331=FACE_OUTER_BOUND('',#497,.T.);
#332=FACE_OUTER_BOUND('',#498,.T.);
#333=FACE_OUTER_BOUND('',#499,.T.);
#334=FACE_OUTER_BOUND('',#500,.T.);
#335=FACE_OUTER_BOUND('',#501,.T.);
#336=FACE_OUTER_BOUND('',#503,.T.);
#337=FACE_OUTER_BOUND('',#509,.T.);
#338=FACE_OUTER_BOUND('',#514,.T.);
#339=FACE_OUTER_BOUND('',#515,.T.);
#340=FACE_OUTER_BOUND('',#516,.T.);
#341=FACE_OUTER_BOUND('',#517,.T.);
#342=FACE_OUTER_BOUND('',#518,.T.);
#343=FACE_OUTER_BOUND('',#519,.T.);
#344=FACE_OUTER_BOUND('',#520,.T.);
#345=FACE_OUTER_BOUND('',#521,.T.);
#346=FACE_OUTER_BOUND('',#522,.T.);
#347=EDGE_LOOP('',(#2016,#2017,#2018,#2019));
#348=EDGE_LOOP('',(#2020,#2021,#2022,#2023));
#349=EDGE_LOOP('',(#2024,#2025,#2026,#2027,#2028,#2029));
#350=EDGE_LOOP('',(#2030,#2031,#2032,#2033,#2034,#2035,#2036,#2037,#2038,
#2039,#2040,#2041,#2042,#2043));
#351=EDGE_LOOP('',(#2044));
#352=EDGE_LOOP('',(#2045));
#353=EDGE_LOOP('',(#2046,#2047,#2048,#2049,#2050,#2051));
#354=EDGE_LOOP('',(#2052,#2053,#2054,#2055,#2056,#2057,#2058));
#355=EDGE_LOOP('',(#2059,#2060,#2061,#2062,#2063));
#356=EDGE_LOOP('',(#2064,#2065,#2066,#2067,#2068,#2069));
#357=EDGE_LOOP('',(#2070,#2071,#2072,#2073,#2074,#2075,#2076,#2077,#2078,
#2079,#2080,#2081));
#358=EDGE_LOOP('',(#2082,#2083,#2084,#2085));
#359=EDGE_LOOP('',(#2086,#2087,#2088,#2089,#2090,#2091));
#360=EDGE_LOOP('',(#2092,#2093,#2094,#2095,#2096,#2097,#2098,#2099,#2100,
#2101,#2102,#2103));
#361=EDGE_LOOP('',(#2104,#2105,#2106,#2107,#2108,#2109,#2110,#2111));
#362=EDGE_LOOP('',(#2112,#2113,#2114,#2115,#2116,#2117,#2118,#2119,#2120,
#2121,#2122,#2123));
#363=EDGE_LOOP('',(#2124,#2125,#2126,#2127,#2128,#2129));
#364=EDGE_LOOP('',(#2130,#2131,#2132,#2133));
#365=EDGE_LOOP('',(#2134,#2135,#2136,#2137,#2138,#2139,#2140));
#366=EDGE_LOOP('',(#2141,#2142,#2143,#2144,#2145));
#367=EDGE_LOOP('',(#2146,#2147,#2148,#2149,#2150,#2151));
#368=EDGE_LOOP('',(#2152,#2153,#2154,#2155));
#369=EDGE_LOOP('',(#2156,#2157,#2158,#2159));
#370=EDGE_LOOP('',(#2160,#2161,#2162,#2163));
#371=EDGE_LOOP('',(#2164,#2165,#2166,#2167));
#372=EDGE_LOOP('',(#2168,#2169,#2170,#2171,#2172,#2173));
#373=EDGE_LOOP('',(#2174,#2175,#2176,#2177));
#374=EDGE_LOOP('',(#2178,#2179,#2180,#2181));
#375=EDGE_LOOP('',(#2182,#2183,#2184,#2185));
#376=EDGE_LOOP('',(#2186,#2187,#2188,#2189));
#377=EDGE_LOOP('',(#2190,#2191,#2192,#2193,#2194,#2195));
#378=EDGE_LOOP('',(#2196,#2197,#2198,#2199));
#379=EDGE_LOOP('',(#2200,#2201,#2202,#2203,#2204,#2205));
#380=EDGE_LOOP('',(#2206,#2207,#2208,#2209));
#381=EDGE_LOOP('',(#2210,#2211,#2212,#2213,#2214,#2215,#2216,#2217,#2218,
#2219,#2220,#2221));
#382=EDGE_LOOP('',(#2222,#2223,#2224,#2225));
#383=EDGE_LOOP('',(#2226,#2227,#2228,#2229));
#384=EDGE_LOOP('',(#2230,#2231,#2232,#2233));
#385=EDGE_LOOP('',(#2234,#2235,#2236,#2237));
#386=EDGE_LOOP('',(#2238,#2239,#2240,#2241));
#387=EDGE_LOOP('',(#2242,#2243,#2244,#2245));
#388=EDGE_LOOP('',(#2246,#2247,#2248,#2249));
#389=EDGE_LOOP('',(#2250,#2251,#2252,#2253));
#390=EDGE_LOOP('',(#2254,#2255,#2256,#2257));
#391=EDGE_LOOP('',(#2258,#2259,#2260,#2261));
#392=EDGE_LOOP('',(#2262,#2263,#2264,#2265));
#393=EDGE_LOOP('',(#2266,#2267,#2268,#2269));
#394=EDGE_LOOP('',(#2270,#2271,#2272,#2273));
#395=EDGE_LOOP('',(#2274,#2275,#2276,#2277));
#396=EDGE_LOOP('',(#2278,#2279,#2280,#2281));
#397=EDGE_LOOP('',(#2282,#2283,#2284,#2285));
#398=EDGE_LOOP('',(#2286,#2287,#2288,#2289));
#399=EDGE_LOOP('',(#2290,#2291,#2292,#2293));
#400=EDGE_LOOP('',(#2294,#2295,#2296,#2297));
#401=EDGE_LOOP('',(#2298,#2299,#2300,#2301));
#402=EDGE_LOOP('',(#2302,#2303,#2304,#2305,#2306,#2307));
#403=EDGE_LOOP('',(#2308,#2309,#2310,#2311));
#404=EDGE_LOOP('',(#2312,#2313,#2314,#2315));
#405=EDGE_LOOP('',(#2316,#2317,#2318,#2319));
#406=EDGE_LOOP('',(#2320,#2321,#2322,#2323));
#407=EDGE_LOOP('',(#2324,#2325,#2326,#2327,#2328,#2329));
#408=EDGE_LOOP('',(#2330,#2331,#2332,#2333));
#409=EDGE_LOOP('',(#2334,#2335,#2336,#2337));
#410=EDGE_LOOP('',(#2338,#2339,#2340,#2341));
#411=EDGE_LOOP('',(#2342,#2343,#2344,#2345));
#412=EDGE_LOOP('',(#2346,#2347,#2348,#2349));
#413=EDGE_LOOP('',(#2350,#2351,#2352,#2353));
#414=EDGE_LOOP('',(#2354,#2355,#2356,#2357));
#415=EDGE_LOOP('',(#2358,#2359,#2360,#2361));
#416=EDGE_LOOP('',(#2362,#2363,#2364,#2365,#2366,#2367,#2368,#2369));
#417=EDGE_LOOP('',(#2370,#2371,#2372,#2373,#2374,#2375,#2376,#2377));
#418=EDGE_LOOP('',(#2378,#2379,#2380,#2381));
#419=EDGE_LOOP('',(#2382,#2383,#2384,#2385));
#420=EDGE_LOOP('',(#2386,#2387,#2388,#2389));
#421=EDGE_LOOP('',(#2390,#2391,#2392,#2393));
#422=EDGE_LOOP('',(#2394,#2395,#2396,#2397));
#423=EDGE_LOOP('',(#2398,#2399,#2400,#2401,#2402,#2403,#2404));
#424=EDGE_LOOP('',(#2405,#2406,#2407,#2408,#2409));
#425=EDGE_LOOP('',(#2410,#2411,#2412,#2413));
#426=EDGE_LOOP('',(#2414,#2415,#2416,#2417));
#427=EDGE_LOOP('',(#2418,#2419,#2420,#2421,#2422));
#428=EDGE_LOOP('',(#2423,#2424,#2425,#2426));
#429=EDGE_LOOP('',(#2427,#2428,#2429,#2430,#2431,#2432,#2433,#2434,#2435,
#2436,#2437,#2438));
#430=EDGE_LOOP('',(#2439,#2440,#2441,#2442,#2443,#2444,#2445));
#431=EDGE_LOOP('',(#2446,#2447,#2448,#2449,#2450,#2451,#2452,#2453));
#432=EDGE_LOOP('',(#2454,#2455,#2456,#2457,#2458,#2459,#2460,#2461,#2462,
#2463,#2464,#2465));
#433=EDGE_LOOP('',(#2466,#2467,#2468,#2469));
#434=EDGE_LOOP('',(#2470,#2471,#2472,#2473,#2474,#2475,#2476,#2477,#2478,
#2479));
#435=EDGE_LOOP('',(#2480));
#436=EDGE_LOOP('',(#2481,#2482,#2483,#2484));
#437=EDGE_LOOP('',(#2485,#2486,#2487,#2488,#2489,#2490));
#438=EDGE_LOOP('',(#2491));
#439=EDGE_LOOP('',(#2492,#2493,#2494,#2495,#2496,#2497,#2498,#2499,#2500,
#2501,#2502,#2503,#2504,#2505,#2506,#2507,#2508,#2509,#2510,#2511,#2512,
#2513,#2514,#2515,#2516,#2517));
#440=EDGE_LOOP('',(#2518));
#441=EDGE_LOOP('',(#2519));
#442=EDGE_LOOP('',(#2520,#2521,#2522,#2523));
#443=EDGE_LOOP('',(#2524,#2525,#2526,#2527));
#444=EDGE_LOOP('',(#2528,#2529,#2530,#2531));
#445=EDGE_LOOP('',(#2532,#2533,#2534,#2535));
#446=EDGE_LOOP('',(#2536,#2537,#2538,#2539));
#447=EDGE_LOOP('',(#2540,#2541,#2542,#2543,#2544,#2545));
#448=EDGE_LOOP('',(#2546,#2547,#2548,#2549,#2550,#2551,#2552,#2553));
#449=EDGE_LOOP('',(#2554,#2555,#2556,#2557,#2558,#2559));
#450=EDGE_LOOP('',(#2560,#2561,#2562,#2563,#2564));
#451=EDGE_LOOP('',(#2565,#2566,#2567,#2568,#2569));
#452=EDGE_LOOP('',(#2570,#2571,#2572,#2573));
#453=EDGE_LOOP('',(#2574,#2575,#2576,#2577));
#454=EDGE_LOOP('',(#2578,#2579,#2580,#2581,#2582,#2583,#2584,#2585,#2586,
#2587,#2588,#2589,#2590,#2591));
#455=EDGE_LOOP('',(#2592));
#456=EDGE_LOOP('',(#2593));
#457=EDGE_LOOP('',(#2594,#2595,#2596,#2597,#2598,#2599,#2600,#2601));
#458=EDGE_LOOP('',(#2602,#2603,#2604,#2605));
#459=EDGE_LOOP('',(#2606,#2607,#2608,#2609,#2610));
#460=EDGE_LOOP('',(#2611,#2612,#2613,#2614,#2615,#2616));
#461=EDGE_LOOP('',(#2617,#2618,#2619,#2620,#2621,#2622));
#462=EDGE_LOOP('',(#2623,#2624,#2625,#2626));
#463=EDGE_LOOP('',(#2627,#2628,#2629,#2630,#2631,#2632));
#464=EDGE_LOOP('',(#2633,#2634,#2635,#2636,#2637,#2638));
#465=EDGE_LOOP('',(#2639,#2640,#2641,#2642,#2643));
#466=EDGE_LOOP('',(#2644,#2645,#2646,#2647));
#467=EDGE_LOOP('',(#2648,#2649,#2650,#2651));
#468=EDGE_LOOP('',(#2652,#2653,#2654,#2655));
#469=EDGE_LOOP('',(#2656,#2657,#2658,#2659));
#470=EDGE_LOOP('',(#2660,#2661,#2662,#2663));
#471=EDGE_LOOP('',(#2664,#2665,#2666,#2667));
#472=EDGE_LOOP('',(#2668,#2669,#2670,#2671));
#473=EDGE_LOOP('',(#2672,#2673,#2674,#2675));
#474=EDGE_LOOP('',(#2676,#2677,#2678,#2679));
#475=EDGE_LOOP('',(#2680,#2681,#2682,#2683));
#476=EDGE_LOOP('',(#2684,#2685,#2686,#2687));
#477=EDGE_LOOP('',(#2688,#2689,#2690,#2691));
#478=EDGE_LOOP('',(#2692,#2693,#2694,#2695));
#479=EDGE_LOOP('',(#2696,#2697,#2698,#2699));
#480=EDGE_LOOP('',(#2700,#2701,#2702,#2703));
#481=EDGE_LOOP('',(#2704,#2705,#2706,#2707));
#482=EDGE_LOOP('',(#2708,#2709,#2710,#2711));
#483=EDGE_LOOP('',(#2712,#2713,#2714,#2715));
#484=EDGE_LOOP('',(#2716,#2717,#2718,#2719));
#485=EDGE_LOOP('',(#2720,#2721,#2722,#2723));
#486=EDGE_LOOP('',(#2724,#2725,#2726,#2727));
#487=EDGE_LOOP('',(#2728,#2729,#2730,#2731));
#488=EDGE_LOOP('',(#2732,#2733,#2734,#2735));
#489=EDGE_LOOP('',(#2736,#2737,#2738,#2739));
#490=EDGE_LOOP('',(#2740,#2741,#2742,#2743));
#491=EDGE_LOOP('',(#2744,#2745,#2746,#2747));
#492=EDGE_LOOP('',(#2748,#2749,#2750,#2751));
#493=EDGE_LOOP('',(#2752,#2753,#2754,#2755));
#494=EDGE_LOOP('',(#2756,#2757,#2758,#2759));
#495=EDGE_LOOP('',(#2760,#2761,#2762,#2763));
#496=EDGE_LOOP('',(#2764,#2765,#2766,#2767));
#497=EDGE_LOOP('',(#2768,#2769,#2770,#2771));
#498=EDGE_LOOP('',(#2772,#2773,#2774,#2775));
#499=EDGE_LOOP('',(#2776,#2777,#2778,#2779));
#500=EDGE_LOOP('',(#2780,#2781,#2782,#2783));
#501=EDGE_LOOP('',(#2784,#2785,#2786,#2787,#2788,#2789,#2790,#2791,#2792,
#2793,#2794,#2795,#2796,#2797,#2798,#2799));
#502=EDGE_LOOP('',(#2800,#2801,#2802,#2803,#2804,#2805,#2806,#2807,#2808,
#2809,#2810,#2811,#2812,#2813,#2814,#2815));
#503=EDGE_LOOP('',(#2816,#2817,#2818,#2819));
#504=EDGE_LOOP('',(#2820));
#505=EDGE_LOOP('',(#2821));
#506=EDGE_LOOP('',(#2822));
#507=EDGE_LOOP('',(#2823));
#508=EDGE_LOOP('',(#2824,#2825,#2826,#2827,#2828,#2829,#2830,#2831,#2832,
#2833,#2834,#2835,#2836,#2837,#2838,#2839));
#509=EDGE_LOOP('',(#2840,#2841,#2842,#2843));
#510=EDGE_LOOP('',(#2844));
#511=EDGE_LOOP('',(#2845));
#512=EDGE_LOOP('',(#2846));
#513=EDGE_LOOP('',(#2847));
#514=EDGE_LOOP('',(#2848,#2849,#2850,#2851,#2852,#2853,#2854,#2855,#2856,
#2857,#2858,#2859,#2860,#2861,#2862,#2863));
#515=EDGE_LOOP('',(#2864,#2865,#2866,#2867));
#516=EDGE_LOOP('',(#2868,#2869,#2870,#2871));
#517=EDGE_LOOP('',(#2872,#2873,#2874,#2875));
#518=EDGE_LOOP('',(#2876,#2877,#2878,#2879));
#519=EDGE_LOOP('',(#2880,#2881,#2882,#2883));
#520=EDGE_LOOP('',(#2884,#2885,#2886,#2887));
#521=EDGE_LOOP('',(#2888,#2889,#2890,#2891));
#522=EDGE_LOOP('',(#2892,#2893,#2894,#2895));
#523=LINE('',#4148,#871);
#524=LINE('',#4151,#872);
#525=LINE('',#4155,#873);
#526=LINE('',#4159,#874);
#527=LINE('',#4163,#875);
#528=LINE('',#4165,#876);
#529=LINE('',#4167,#877);
#530=LINE('',#4169,#878);
#531=LINE('',#4170,#879);
#532=LINE('',#4173,#880);
#533=LINE('',#4175,#881);
#534=LINE('',#4179,#882);
#535=LINE('',#4181,#883);
#536=LINE('',#4183,#884);
#537=LINE('',#4187,#885);
#538=LINE('',#4188,#886);
#539=LINE('',#4190,#887);
#540=LINE('',#4191,#888);
#541=LINE('',#4198,#889);
#542=LINE('',#4200,#890);
#543=LINE('',#4202,#891);
#544=LINE('',#4203,#892);
#545=LINE('',#4207,#893);
#546=LINE('',#4209,#894);
#547=LINE('',#4211,#895);
#548=LINE('',#4213,#896);
#549=LINE('',#4215,#897);
#550=LINE('',#4217,#898);
#551=LINE('',#4222,#899);
#552=LINE('',#4223,#900);
#553=LINE('',#4225,#901);
#554=LINE('',#4226,#902);
#555=LINE('',#4230,#903);
#556=LINE('',#4232,#904);
#557=LINE('',#4234,#905);
#558=LINE('',#4236,#906);
#559=LINE('',#4238,#907);
#560=LINE('',#4239,#908);
#561=LINE('',#4243,#909);
#562=LINE('',#4245,#910);
#563=LINE('',#4247,#911);
#564=LINE('',#4249,#912);
#565=LINE('',#4251,#913);
#566=LINE('',#4252,#914);
#567=LINE('',#4254,#915);
#568=LINE('',#4258,#916);
#569=LINE('',#4261,#917);
#570=LINE('',#4264,#918);
#571=LINE('',#4266,#919);
#572=LINE('',#4267,#920);
#573=LINE('',#4271,#921);
#574=LINE('',#4274,#922);
#575=LINE('',#4279,#923);
#576=LINE('',#4281,#924);
#577=LINE('',#4283,#925);
#578=LINE('',#4285,#926);
#579=LINE('',#4287,#927);
#580=LINE('',#4288,#928);
#581=LINE('',#4290,#929);
#582=LINE('',#4294,#930);
#583=LINE('',#4297,#931);
#584=LINE('',#4303,#932);
#585=LINE('',#4305,#933);
#586=LINE('',#4307,#934);
#587=LINE('',#4322,#935);
#588=LINE('',#4337,#936);
#589=LINE('',#4339,#937);
#590=LINE('',#4341,#938);
#591=LINE('',#4343,#939);
#592=LINE('',#4345,#940);
#593=LINE('',#4346,#941);
#594=LINE('',#4348,#942);
#595=LINE('',#4350,#943);
#596=LINE('',#4351,#944);
#597=LINE('',#4355,#945);
#598=LINE('',#4357,#946);
#599=LINE('',#4359,#947);
#600=LINE('',#4360,#948);
#601=LINE('',#4361,#949);
#602=LINE('',#4365,#950);
#603=LINE('',#4366,#951);
#604=LINE('',#4367,#952);
#605=LINE('',#4371,#953);
#606=LINE('',#4373,#954);
#607=LINE('',#4375,#955);
#608=LINE('',#4376,#956);
#609=LINE('',#4378,#957);
#610=LINE('',#4383,#958);
#611=LINE('',#4384,#959);
#612=LINE('',#4386,#960);
#613=LINE('',#4387,#961);
#614=LINE('',#4390,#962);
#615=LINE('',#4391,#963);
#616=LINE('',#4392,#964);
#617=LINE('',#4395,#965);
#618=LINE('',#4396,#966);
#619=LINE('',#4399,#967);
#620=LINE('',#4400,#968);
#621=LINE('',#4403,#969);
#622=LINE('',#4407,#970);
#623=LINE('',#4408,#971);
#624=LINE('',#4411,#972);
#625=LINE('',#4413,#973);
#626=LINE('',#4414,#974);
#627=LINE('',#4419,#975);
#628=LINE('',#4424,#976);
#629=LINE('',#4428,#977);
#630=LINE('',#4433,#978);
#631=LINE('',#4438,#979);
#632=LINE('',#4443,#980);
#633=LINE('',#4448,#981);
#634=LINE('',#4450,#982);
#635=LINE('',#4452,#983);
#636=LINE('',#4453,#984);
#637=LINE('',#4457,#985);
#638=LINE('',#4458,#986);
#639=LINE('',#4459,#987);
#640=LINE('',#4460,#988);
#641=LINE('',#4464,#989);
#642=LINE('',#4465,#990);
#643=LINE('',#4466,#991);
#644=LINE('',#4470,#992);
#645=LINE('',#4479,#993);
#646=LINE('',#4488,#994);
#647=LINE('',#4492,#995);
#648=LINE('',#4501,#996);
#649=LINE('',#4510,#997);
#650=LINE('',#4521,#998);
#651=LINE('',#4524,#999);
#652=LINE('',#4540,#1000);
#653=LINE('',#4543,#1001);
#654=LINE('',#4554,#1002);
#655=LINE('',#4555,#1003);
#656=LINE('',#4565,#1004);
#657=LINE('',#4576,#1005);
#658=LINE('',#4577,#1006);
#659=LINE('',#4587,#1007);
#660=LINE('',#4604,#1008);
#661=LINE('',#4607,#1009);
#662=LINE('',#4618,#1010);
#663=LINE('',#4619,#1011);
#664=LINE('',#4645,#1012);
#665=LINE('',#4648,#1013);
#666=LINE('',#4651,#1014);
#667=LINE('',#4656,#1015);
#668=LINE('',#4659,#1016);
#669=LINE('',#4663,#1017);
#670=LINE('',#4670,#1018);
#671=LINE('',#4673,#1019);
#672=LINE('',#4675,#1020);
#673=LINE('',#4676,#1021);
#674=LINE('',#4679,#1022);
#675=LINE('',#4680,#1023);
#676=LINE('',#4684,#1024);
#677=LINE('',#4686,#1025);
#678=LINE('',#4688,#1026);
#679=LINE('',#4690,#1027);
#680=LINE('',#4692,#1028);
#681=LINE('',#4693,#1029);
#682=LINE('',#4696,#1030);
#683=LINE('',#4698,#1031);
#684=LINE('',#4699,#1032);
#685=LINE('',#4702,#1033);
#686=LINE('',#4703,#1034);
#687=LINE('',#4706,#1035);
#688=LINE('',#4708,#1036);
#689=LINE('',#4709,#1037);
#690=LINE('',#4712,#1038);
#691=LINE('',#4713,#1039);
#692=LINE('',#4716,#1040);
#693=LINE('',#4718,#1041);
#694=LINE('',#4720,#1042);
#695=LINE('',#4721,#1043);
#696=LINE('',#4725,#1044);
#697=LINE('',#4727,#1045);
#698=LINE('',#4729,#1046);
#699=LINE('',#4730,#1047);
#700=LINE('',#4732,#1048);
#701=LINE('',#4733,#1049);
#702=LINE('',#4735,#1050);
#703=LINE('',#4737,#1051);
#704=LINE('',#4741,#1052);
#705=LINE('',#4743,#1053);
#706=LINE('',#4745,#1054);
#707=LINE('',#4746,#1055);
#708=LINE('',#4748,#1056);
#709=LINE('',#4749,#1057);
#710=LINE('',#4751,#1058);
#711=LINE('',#4753,#1059);
#712=LINE('',#4755,#1060);
#713=LINE('',#4757,#1061);
#714=LINE('',#4758,#1062);
#715=LINE('',#4761,#1063);
#716=LINE('',#4762,#1064);
#717=LINE('',#4763,#1065);
#718=LINE('',#4766,#1066);
#719=LINE('',#4768,#1067);
#720=LINE('',#4769,#1068);
#721=LINE('',#4772,#1069);
#722=LINE('',#4774,#1070);
#723=LINE('',#4775,#1071);
#724=LINE('',#4779,#1072);
#725=LINE('',#4780,#1073);
#726=LINE('',#4781,#1074);
#727=LINE('',#4783,#1075);
#728=LINE('',#4784,#1076);
#729=LINE('',#4787,#1077);
#730=LINE('',#4788,#1078);
#731=LINE('',#4791,#1079);
#732=LINE('',#4793,#1080);
#733=LINE('',#4796,#1081);
#734=LINE('',#4800,#1082);
#735=LINE('',#4801,#1083);
#736=LINE('',#4803,#1084);
#737=LINE('',#4804,#1085);
#738=LINE('',#4806,#1086);
#739=LINE('',#4809,#1087);
#740=LINE('',#4811,#1088);
#741=LINE('',#4812,#1089);
#742=LINE('',#4814,#1090);
#743=LINE('',#4817,#1091);
#744=LINE('',#4819,#1092);
#745=LINE('',#4820,#1093);
#746=LINE('',#4824,#1094);
#747=LINE('',#4826,#1095);
#748=LINE('',#4827,#1096);
#749=LINE('',#4829,#1097);
#750=LINE('',#4832,#1098);
#751=LINE('',#4846,#1099);
#752=LINE('',#4858,#1100);
#753=LINE('',#4862,#1101);
#754=LINE('',#4866,#1102);
#755=LINE('',#4869,#1103);
#756=LINE('',#4874,#1104);
#757=LINE('',#4875,#1105);
#758=LINE('',#4878,#1106);
#759=LINE('',#4881,#1107);
#760=LINE('',#4883,#1108);
#761=LINE('',#4885,#1109);
#762=LINE('',#4886,#1110);
#763=LINE('',#4889,#1111);
#764=LINE('',#4890,#1112);
#765=LINE('',#4894,#1113);
#766=LINE('',#4897,#1114);
#767=LINE('',#4905,#1115);
#768=LINE('',#4910,#1116);
#769=LINE('',#4912,#1117);
#770=LINE('',#4915,#1118);
#771=LINE('',#4918,#1119);
#772=LINE('',#4921,#1120);
#773=LINE('',#4922,#1121);
#774=LINE('',#4929,#1122);
#775=LINE('',#4934,#1123);
#776=LINE('',#4936,#1124);
#777=LINE('',#4938,#1125);
#778=LINE('',#4939,#1126);
#779=LINE('',#4945,#1127);
#780=LINE('',#4948,#1128);
#781=LINE('',#4950,#1129);
#782=LINE('',#4951,#1130);
#783=LINE('',#4954,#1131);
#784=LINE('',#4956,#1132);
#785=LINE('',#4957,#1133);
#786=LINE('',#4960,#1134);
#787=LINE('',#4962,#1135);
#788=LINE('',#4963,#1136);
#789=LINE('',#4969,#1137);
#790=LINE('',#4972,#1138);
#791=LINE('',#4974,#1139);
#792=LINE('',#4975,#1140);
#793=LINE('',#4978,#1141);
#794=LINE('',#4980,#1142);
#795=LINE('',#4981,#1143);
#796=LINE('',#4984,#1144);
#797=LINE('',#4986,#1145);
#798=LINE('',#4987,#1146);
#799=LINE('',#4993,#1147);
#800=LINE('',#4996,#1148);
#801=LINE('',#4998,#1149);
#802=LINE('',#4999,#1150);
#803=LINE('',#5002,#1151);
#804=LINE('',#5004,#1152);
#805=LINE('',#5005,#1153);
#806=LINE('',#5008,#1154);
#807=LINE('',#5010,#1155);
#808=LINE('',#5011,#1156);
#809=LINE('',#5017,#1157);
#810=LINE('',#5020,#1158);
#811=LINE('',#5022,#1159);
#812=LINE('',#5023,#1160);
#813=LINE('',#5025,#1161);
#814=LINE('',#5026,#1162);
#815=LINE('',#5030,#1163);
#816=LINE('',#5032,#1164);
#817=LINE('',#5034,#1165);
#818=LINE('',#5035,#1166);
#819=LINE('',#5041,#1167);
#820=LINE('',#5044,#1168);
#821=LINE('',#5046,#1169);
#822=LINE('',#5047,#1170);
#823=LINE('',#5050,#1171);
#824=LINE('',#5052,#1172);
#825=LINE('',#5053,#1173);
#826=LINE('',#5056,#1174);
#827=LINE('',#5058,#1175);
#828=LINE('',#5059,#1176);
#829=LINE('',#5065,#1177);
#830=LINE('',#5068,#1178);
#831=LINE('',#5070,#1179);
#832=LINE('',#5071,#1180);
#833=LINE('',#5074,#1181);
#834=LINE('',#5076,#1182);
#835=LINE('',#5077,#1183);
#836=LINE('',#5080,#1184);
#837=LINE('',#5082,#1185);
#838=LINE('',#5083,#1186);
#839=LINE('',#5089,#1187);
#840=LINE('',#5092,#1188);
#841=LINE('',#5094,#1189);
#842=LINE('',#5095,#1190);
#843=LINE('',#5098,#1191);
#844=LINE('',#5100,#1192);
#845=LINE('',#5101,#1193);
#846=LINE('',#5104,#1194);
#847=LINE('',#5106,#1195);
#848=LINE('',#5107,#1196);
#849=LINE('',#5113,#1197);
#850=LINE('',#5116,#1198);
#851=LINE('',#5118,#1199);
#852=LINE('',#5119,#1200);
#853=LINE('',#5121,#1201);
#854=LINE('',#5122,#1202);
#855=LINE('',#5127,#1203);
#856=LINE('',#5129,#1204);
#857=LINE('',#5131,#1205);
#858=LINE('',#5132,#1206);
#859=LINE('',#5144,#1207);
#860=LINE('',#5146,#1208);
#861=LINE('',#5148,#1209);
#862=LINE('',#5149,#1210);
#863=LINE('',#5160,#1211);
#864=LINE('',#5162,#1212);
#865=LINE('',#5163,#1213);
#866=LINE('',#5165,#1214);
#867=LINE('',#5167,#1215);
#868=LINE('',#5169,#1216);
#869=LINE('',#5171,#1217);
#870=LINE('',#5173,#1218);
#871=VECTOR('',#3340,10.);
#872=VECTOR('',#3343,10.);
#873=VECTOR('',#3346,10.);
#874=VECTOR('',#3349,10.);
#875=VECTOR('',#3354,10.);
#876=VECTOR('',#3355,10.);
#877=VECTOR('',#3356,10.);
#878=VECTOR('',#3357,10.);
#879=VECTOR('',#3358,10.);
#880=VECTOR('',#3361,10.);
#881=VECTOR('',#3362,10.);
#882=VECTOR('',#3365,10.);
#883=VECTOR('',#3366,10.);
#884=VECTOR('',#3367,10.);
#885=VECTOR('',#3370,10.);
#886=VECTOR('',#3371,10.);
#887=VECTOR('',#3372,10.);
#888=VECTOR('',#3373,10.);
#889=VECTOR('',#3380,10.);
#890=VECTOR('',#3381,10.);
#891=VECTOR('',#3382,10.);
#892=VECTOR('',#3383,10.);
#893=VECTOR('',#3386,1000.);
#894=VECTOR('',#3387,10.);
#895=VECTOR('',#3388,1000.);
#896=VECTOR('',#3389,1000.);
#897=VECTOR('',#3390,1000.);
#898=VECTOR('',#3391,1000.);
#899=VECTOR('',#3396,1000.);
#900=VECTOR('',#3397,10.);
#901=VECTOR('',#3398,1000.);
#902=VECTOR('',#3399,1000.);
#903=VECTOR('',#3402,1000.);
#904=VECTOR('',#3403,1000.);
#905=VECTOR('',#3404,1000.);
#906=VECTOR('',#3405,1000.);
#907=VECTOR('',#3406,1000.);
#908=VECTOR('',#3407,1000.);
#909=VECTOR('',#3410,1000.);
#910=VECTOR('',#3411,10.);
#911=VECTOR('',#3412,1000.);
#912=VECTOR('',#3413,1000.);
#913=VECTOR('',#3414,1000.);
#914=VECTOR('',#3415,10.);
#915=VECTOR('',#3416,1000.);
#916=VECTOR('',#3419,10.);
#917=VECTOR('',#3422,1000.);
#918=VECTOR('',#3425,10.);
#919=VECTOR('',#3426,10.);
#920=VECTOR('',#3427,10.);
#921=VECTOR('',#3430,10.);
#922=VECTOR('',#3433,10.);
#923=VECTOR('',#3438,10.);
#924=VECTOR('',#3439,10.);
#925=VECTOR('',#3440,1000.);
#926=VECTOR('',#3441,1000.);
#927=VECTOR('',#3442,1000.);
#928=VECTOR('',#3443,10.);
#929=VECTOR('',#3444,1000.);
#930=VECTOR('',#3447,10.);
#931=VECTOR('',#3450,1000.);
#932=VECTOR('',#3455,1000.);
#933=VECTOR('',#3456,1000.);
#934=VECTOR('',#3457,1000.);
#935=VECTOR('',#3460,10.);
#936=VECTOR('',#3465,1000.);
#937=VECTOR('',#3466,1000.);
#938=VECTOR('',#3467,1000.);
#939=VECTOR('',#3468,1000.);
#940=VECTOR('',#3469,1000.);
#941=VECTOR('',#3470,1000.);
#942=VECTOR('',#3471,1000.);
#943=VECTOR('',#3472,1000.);
#944=VECTOR('',#3473,1000.);
#945=VECTOR('',#3476,1000.);
#946=VECTOR('',#3477,1000.);
#947=VECTOR('',#3478,1000.);
#948=VECTOR('',#3479,1000.);
#949=VECTOR('',#3480,1000.);
#950=VECTOR('',#3483,1000.);
#951=VECTOR('',#3484,1000.);
#952=VECTOR('',#3485,1000.);
#953=VECTOR('',#3488,1000.);
#954=VECTOR('',#3489,10.);
#955=VECTOR('',#3490,1000.);
#956=VECTOR('',#3491,1000.);
#957=VECTOR('',#3492,1000.);
#958=VECTOR('',#3497,10.);
#959=VECTOR('',#3498,10.);
#960=VECTOR('',#3499,1000.);
#961=VECTOR('',#3500,1000.);
#962=VECTOR('',#3503,10.);
#963=VECTOR('',#3504,10.);
#964=VECTOR('',#3505,10.);
#965=VECTOR('',#3508,10.);
#966=VECTOR('',#3509,10.);
#967=VECTOR('',#3512,10.);
#968=VECTOR('',#3513,10.);
#969=VECTOR('',#3516,10.);
#970=VECTOR('',#3521,10.);
#971=VECTOR('',#3522,10.);
#972=VECTOR('',#3525,10.);
#973=VECTOR('',#3526,10.);
#974=VECTOR('',#3527,10.);
#975=VECTOR('',#3532,1.6);
#976=VECTOR('',#3539,1.6);
#977=VECTOR('',#3544,1.6);
#978=VECTOR('',#3549,1.6);
#979=VECTOR('',#3554,10.);
#980=VECTOR('',#3559,10.);
#981=VECTOR('',#3564,10.);
#982=VECTOR('',#3565,10.);
#983=VECTOR('',#3566,10.);
#984=VECTOR('',#3567,10.);
#985=VECTOR('',#3570,10.);
#986=VECTOR('',#3571,10.);
#987=VECTOR('',#3572,10.);
#988=VECTOR('',#3573,10.);
#989=VECTOR('',#3576,10.);
#990=VECTOR('',#3577,10.);
#991=VECTOR('',#3578,10.);
#992=VECTOR('',#3581,10.);
#993=VECTOR('',#3582,10.);
#994=VECTOR('',#3583,10.);
#995=VECTOR('',#3586,10.);
#996=VECTOR('',#3587,10.);
#997=VECTOR('',#3588,10.);
#998=VECTOR('',#3591,10.);
#999=VECTOR('',#3594,10.);
#1000=VECTOR('',#3595,10.);
#1001=VECTOR('',#3598,10.);
#1002=VECTOR('',#3601,10.);
#1003=VECTOR('',#3602,10.);
#1004=VECTOR('',#3603,10.);
#1005=VECTOR('',#3606,10.);
#1006=VECTOR('',#3607,10.);
#1007=VECTOR('',#3608,10.);
#1008=VECTOR('',#3611,10.);
#1009=VECTOR('',#3614,10.);
#1010=VECTOR('',#3617,10.);
#1011=VECTOR('',#3618,10.);
#1012=VECTOR('',#3627,10.);
#1013=VECTOR('',#3630,10.);
#1014=VECTOR('',#3633,10.);
#1015=VECTOR('',#3634,10.);
#1016=VECTOR('',#3637,10.);
#1017=VECTOR('',#3642,10.);
#1018=VECTOR('',#3649,1000.);
#1019=VECTOR('',#3652,1000.);
#1020=VECTOR('',#3653,1000.);
#1021=VECTOR('',#3654,1000.);
#1022=VECTOR('',#3657,1000.);
#1023=VECTOR('',#3658,1000.);
#1024=VECTOR('',#3661,1000.);
#1025=VECTOR('',#3662,1000.);
#1026=VECTOR('',#3663,1000.);
#1027=VECTOR('',#3664,1000.);
#1028=VECTOR('',#3665,1000.);
#1029=VECTOR('',#3666,1000.);
#1030=VECTOR('',#3669,1000.);
#1031=VECTOR('',#3670,1000.);
#1032=VECTOR('',#3671,1000.);
#1033=VECTOR('',#3674,1000.);
#1034=VECTOR('',#3675,1000.);
#1035=VECTOR('',#3678,1000.);
#1036=VECTOR('',#3679,1000.);
#1037=VECTOR('',#3680,1000.);
#1038=VECTOR('',#3683,1000.);
#1039=VECTOR('',#3684,1000.);
#1040=VECTOR('',#3687,1000.);
#1041=VECTOR('',#3688,1000.);
#1042=VECTOR('',#3689,1000.);
#1043=VECTOR('',#3690,1000.);
#1044=VECTOR('',#3693,10.);
#1045=VECTOR('',#3694,1000.);
#1046=VECTOR('',#3695,1000.);
#1047=VECTOR('',#3696,1000.);
#1048=VECTOR('',#3699,1000.);
#1049=VECTOR('',#3700,1000.);
#1050=VECTOR('',#3703,10.);
#1051=VECTOR('',#3706,10.);
#1052=VECTOR('',#3709,10.);
#1053=VECTOR('',#3710,1000.);
#1054=VECTOR('',#3711,1000.);
#1055=VECTOR('',#3712,1000.);
#1056=VECTOR('',#3715,1000.);
#1057=VECTOR('',#3716,1000.);
#1058=VECTOR('',#3719,10.);
#1059=VECTOR('',#3722,10.);
#1060=VECTOR('',#3725,1000.);
#1061=VECTOR('',#3726,10.);
#1062=VECTOR('',#3727,1000.);
#1063=VECTOR('',#3730,1000.);
#1064=VECTOR('',#3731,1000.);
#1065=VECTOR('',#3732,10.);
#1066=VECTOR('',#3735,1000.);
#1067=VECTOR('',#3736,10.);
#1068=VECTOR('',#3737,1000.);
#1069=VECTOR('',#3740,10.);
#1070=VECTOR('',#3741,1000.);
#1071=VECTOR('',#3742,1000.);
#1072=VECTOR('',#3745,1000.);
#1073=VECTOR('',#3746,10.);
#1074=VECTOR('',#3747,1000.);
#1075=VECTOR('',#3750,10.);
#1076=VECTOR('',#3751,1000.);
#1077=VECTOR('',#3754,1000.);
#1078=VECTOR('',#3755,1000.);
#1079=VECTOR('',#3758,10.);
#1080=VECTOR('',#3759,1000.);
#1081=VECTOR('',#3762,1000.);
#1082=VECTOR('',#3765,1000.);
#1083=VECTOR('',#3766,10.);
#1084=VECTOR('',#3767,1000.);
#1085=VECTOR('',#3768,1000.);
#1086=VECTOR('',#3771,1000.);
#1087=VECTOR('',#3776,10.);
#1088=VECTOR('',#3777,1000.);
#1089=VECTOR('',#3778,1000.);
#1090=VECTOR('',#3781,1000.);
#1091=VECTOR('',#3784,1000.);
#1092=VECTOR('',#3785,1000.);
#1093=VECTOR('',#3786,1000.);
#1094=VECTOR('',#3789,1000.);
#1095=VECTOR('',#3790,1000.);
#1096=VECTOR('',#3791,1000.);
#1097=VECTOR('',#3794,10.);
#1098=VECTOR('',#3797,1000.);
#1099=VECTOR('',#3800,10.);
#1100=VECTOR('',#3803,10.);
#1101=VECTOR('',#3810,10.);
#1102=VECTOR('',#3815,10.);
#1103=VECTOR('',#3818,10.);
#1104=VECTOR('',#3825,10.);
#1105=VECTOR('',#3826,10.);
#1106=VECTOR('',#3829,10.);
#1107=VECTOR('',#3834,10.);
#1108=VECTOR('',#3837,10.);
#1109=VECTOR('',#3840,10.);
#1110=VECTOR('',#3841,10.);
#1111=VECTOR('',#3844,1000.);
#1112=VECTOR('',#3845,1000.);
#1113=VECTOR('',#3850,1000.);
#1114=VECTOR('',#3855,1000.);
#1115=VECTOR('',#3870,10.);
#1116=VECTOR('',#3877,1000.);
#1117=VECTOR('',#3880,10.);
#1118=VECTOR('',#3885,1000.);
#1119=VECTOR('',#3890,10.);
#1120=VECTOR('',#3893,1000.);
#1121=VECTOR('',#3894,1000.);
#1122=VECTOR('',#3907,10.);
#1123=VECTOR('',#3912,10.);
#1124=VECTOR('',#3913,10.);
#1125=VECTOR('',#3914,10.);
#1126=VECTOR('',#3915,10.);
#1127=VECTOR('',#3922,10.);
#1128=VECTOR('',#3925,10.);
#1129=VECTOR('',#3926,10.);
#1130=VECTOR('',#3927,10.);
#1131=VECTOR('',#3930,10.);
#1132=VECTOR('',#3931,10.);
#1133=VECTOR('',#3932,10.);
#1134=VECTOR('',#3935,10.);
#1135=VECTOR('',#3936,10.);
#1136=VECTOR('',#3937,10.);
#1137=VECTOR('',#3944,10.);
#1138=VECTOR('',#3947,10.);
#1139=VECTOR('',#3948,10.);
#1140=VECTOR('',#3949,10.);
#1141=VECTOR('',#3952,10.);
#1142=VECTOR('',#3953,10.);
#1143=VECTOR('',#3954,10.);
#1144=VECTOR('',#3957,10.);
#1145=VECTOR('',#3958,10.);
#1146=VECTOR('',#3959,10.);
#1147=VECTOR('',#3966,10.);
#1148=VECTOR('',#3969,10.);
#1149=VECTOR('',#3970,10.);
#1150=VECTOR('',#3971,10.);
#1151=VECTOR('',#3974,10.);
#1152=VECTOR('',#3975,10.);
#1153=VECTOR('',#3976,10.);
#1154=VECTOR('',#3979,10.);
#1155=VECTOR('',#3980,10.);
#1156=VECTOR('',#3981,10.);
#1157=VECTOR('',#3988,10.);
#1158=VECTOR('',#3991,10.);
#1159=VECTOR('',#3992,10.);
#1160=VECTOR('',#3993,10.);
#1161=VECTOR('',#3996,10.);
#1162=VECTOR('',#3997,10.);
#1163=VECTOR('',#4000,10.);
#1164=VECTOR('',#4001,10.);
#1165=VECTOR('',#4002,10.);
#1166=VECTOR('',#4003,10.);
#1167=VECTOR('',#4010,10.);
#1168=VECTOR('',#4013,10.);
#1169=VECTOR('',#4014,10.);
#1170=VECTOR('',#4015,10.);
#1171=VECTOR('',#4018,10.);
#1172=VECTOR('',#4019,10.);
#1173=VECTOR('',#4020,10.);
#1174=VECTOR('',#4023,10.);
#1175=VECTOR('',#4024,10.);
#1176=VECTOR('',#4025,10.);
#1177=VECTOR('',#4032,10.);
#1178=VECTOR('',#4035,10.);
#1179=VECTOR('',#4036,10.);
#1180=VECTOR('',#4037,10.);
#1181=VECTOR('',#4040,10.);
#1182=VECTOR('',#4041,10.);
#1183=VECTOR('',#4042,10.);
#1184=VECTOR('',#4045,10.);
#1185=VECTOR('',#4046,10.);
#1186=VECTOR('',#4047,10.);
#1187=VECTOR('',#4054,10.);
#1188=VECTOR('',#4057,10.);
#1189=VECTOR('',#4058,10.);
#1190=VECTOR('',#4059,10.);
#1191=VECTOR('',#4062,10.);
#1192=VECTOR('',#4063,10.);
#1193=VECTOR('',#4064,10.);
#1194=VECTOR('',#4067,10.);
#1195=VECTOR('',#4068,10.);
#1196=VECTOR('',#4069,10.);
#1197=VECTOR('',#4076,10.);
#1198=VECTOR('',#4079,10.);
#1199=VECTOR('',#4080,10.);
#1200=VECTOR('',#4081,10.);
#1201=VECTOR('',#4084,10.);
#1202=VECTOR('',#4085,10.);
#1203=VECTOR('',#4090,10.);
#1204=VECTOR('',#4091,10.);
#1205=VECTOR('',#4092,10.);
#1206=VECTOR('',#4093,10.);
#1207=VECTOR('',#4104,10.);
#1208=VECTOR('',#4105,10.);
#1209=VECTOR('',#4106,10.);
#1210=VECTOR('',#4107,10.);
#1211=VECTOR('',#4120,1.6);
#1212=VECTOR('',#4123,10.);
#1213=VECTOR('',#4124,10.);
#1214=VECTOR('',#4127,10.);
#1215=VECTOR('',#4130,1.6);
#1216=VECTOR('',#4133,10.);
#1217=VECTOR('',#4136,1.6);
#1218=VECTOR('',#4139,1.6);
#1219=CIRCLE('',#3106,2.);
#1220=CIRCLE('',#3107,2.);
#1221=CIRCLE('',#3109,2.);
#1222=CIRCLE('',#3110,2.);
#1223=CIRCLE('',#3113,4.00000000000001);
#1224=CIRCLE('',#3114,4.00000000000001);
#1225=CIRCLE('',#3115,2.1);
#1226=CIRCLE('',#3116,2.1);
#1227=CIRCLE('',#3119,1.016);
#1228=CIRCLE('',#3123,1.27);
#1229=CIRCLE('',#3124,1.27);
#1230=CIRCLE('',#3127,4.00000000000001);
#1231=CIRCLE('',#3130,1.27);
#1232=CIRCLE('',#3131,1.27);
#1233=CIRCLE('',#3133,9.271);
#1234=CIRCLE('',#3134,9.271);
#1235=CIRCLE('',#3136,9.271);
#1236=CIRCLE('',#3140,1.016);
#1237=CIRCLE('',#3146,4.00000000000001);
#1238=CIRCLE('',#3150,2.1);
#1239=CIRCLE('',#3151,2.1);
#1240=CIRCLE('',#3153,2.1);
#1241=CIRCLE('',#3155,2.1);
#1242=CIRCLE('',#3157,2.1);
#1243=CIRCLE('',#3158,2.1);
#1244=CIRCLE('',#3160,3.99999999999998);
#1245=CIRCLE('',#3162,3.99999999999998);
#1246=CIRCLE('',#3167,9.37124943152515);
#1247=CIRCLE('',#3169,9.2710259112625);
#1248=CIRCLE('',#3172,9.27102617246719);
#1249=CIRCLE('',#3173,9.27102406981055);
#1250=CIRCLE('',#3176,9.27102591161298);
#1251=CIRCLE('',#3179,9.37130024880534);
#1252=CIRCLE('',#3180,9.37130017074968);
#1253=CIRCLE('',#3183,9.27100234634821);
#1254=CIRCLE('',#3186,9.271002267414);
#1255=CIRCLE('',#3212,1.016);
#1256=CIRCLE('',#3219,9.271);
#1257=CIRCLE('',#3221,1.016);
#1258=CIRCLE('',#3229,4.);
#1259=CIRCLE('',#3234,4.);
#1260=CIRCLE('',#3268,5.50000000000001);
#1261=CIRCLE('',#3269,5.50000000000001);
#1262=CIRCLE('',#3274,5.50000000000002);
#1263=CIRCLE('',#3275,5.50000000000002);
#1264=CIRCLE('',#3280,5.49999999999998);
#1265=CIRCLE('',#3281,5.49999999999998);
#1266=CIRCLE('',#3286,5.49999999999999);
#1267=CIRCLE('',#3287,5.49999999999999);
#1268=CIRCLE('',#3292,4.49999999999998);
#1269=CIRCLE('',#3293,4.49999999999998);
#1270=CIRCLE('',#3298,4.50000000000003);
#1271=CIRCLE('',#3299,4.50000000000003);
#1272=CIRCLE('',#3304,4.50000000000001);
#1273=CIRCLE('',#3305,4.50000000000001);
#1274=CIRCLE('',#3310,4.49999999999999);
#1275=CIRCLE('',#3311,4.49999999999999);
#1276=CIRCLE('',#3316,1.6);
#1277=CIRCLE('',#3317,1.6);
#1278=CIRCLE('',#3318,1.6);
#1279=CIRCLE('',#3319,1.6);
#1280=CIRCLE('',#3321,1.6);
#1281=CIRCLE('',#3322,1.6);
#1282=CIRCLE('',#3323,1.6);
#1283=CIRCLE('',#3324,1.6);
#1284=VERTEX_POINT('',#4144);
#1285=VERTEX_POINT('',#4145);
#1286=VERTEX_POINT('',#4147);
#1287=VERTEX_POINT('',#4149);
#1288=VERTEX_POINT('',#4153);
#1289=VERTEX_POINT('',#4154);
#1290=VERTEX_POINT('',#4156);
#1291=VERTEX_POINT('',#4158);
#1292=VERTEX_POINT('',#4162);
#1293=VERTEX_POINT('',#4164);
#1294=VERTEX_POINT('',#4166);
#1295=VERTEX_POINT('',#4168);
#1296=VERTEX_POINT('',#4172);
#1297=VERTEX_POINT('',#4174);
#1298=VERTEX_POINT('',#4176);
#1299=VERTEX_POINT('',#4178);
#1300=VERTEX_POINT('',#4180);
#1301=VERTEX_POINT('',#4182);
#1302=VERTEX_POINT('',#4184);
#1303=VERTEX_POINT('',#4186);
#1304=VERTEX_POINT('',#4189);
#1305=VERTEX_POINT('',#4192);
#1306=VERTEX_POINT('',#4194);
#1307=VERTEX_POINT('',#4197);
#1308=VERTEX_POINT('',#4199);
#1309=VERTEX_POINT('',#4201);
#1310=VERTEX_POINT('',#4205);
#1311=VERTEX_POINT('',#4206);
#1312=VERTEX_POINT('',#4208);
#1313=VERTEX_POINT('',#4210);
#1314=VERTEX_POINT('',#4212);
#1315=VERTEX_POINT('',#4214);
#1316=VERTEX_POINT('',#4216);
#1317=VERTEX_POINT('',#4220);
#1318=VERTEX_POINT('',#4221);
#1319=VERTEX_POINT('',#4224);
#1320=VERTEX_POINT('',#4228);
#1321=VERTEX_POINT('',#4229);
#1322=VERTEX_POINT('',#4231);
#1323=VERTEX_POINT('',#4233);
#1324=VERTEX_POINT('',#4235);
#1325=VERTEX_POINT('',#4237);
#1326=VERTEX_POINT('',#4241);
#1327=VERTEX_POINT('',#4242);
#1328=VERTEX_POINT('',#4244);
#1329=VERTEX_POINT('',#4246);
#1330=VERTEX_POINT('',#4248);
#1331=VERTEX_POINT('',#4250);
#1332=VERTEX_POINT('',#4253);
#1333=VERTEX_POINT('',#4255);
#1334=VERTEX_POINT('',#4257);
#1335=VERTEX_POINT('',#4259);
#1336=VERTEX_POINT('',#4263);
#1337=VERTEX_POINT('',#4265);
#1338=VERTEX_POINT('',#4269);
#1339=VERTEX_POINT('',#4270);
#1340=VERTEX_POINT('',#4273);
#1341=VERTEX_POINT('',#4277);
#1342=VERTEX_POINT('',#4278);
#1343=VERTEX_POINT('',#4280);
#1344=VERTEX_POINT('',#4282);
#1345=VERTEX_POINT('',#4284);
#1346=VERTEX_POINT('',#4286);
#1347=VERTEX_POINT('',#4289);
#1348=VERTEX_POINT('',#4291);
#1349=VERTEX_POINT('',#4293);
#1350=VERTEX_POINT('',#4295);
#1351=VERTEX_POINT('',#4299);
#1352=VERTEX_POINT('',#4300);
#1353=VERTEX_POINT('',#4302);
#1354=VERTEX_POINT('',#4304);
#1355=VERTEX_POINT('',#4306);
#1356=VERTEX_POINT('',#4308);
#1357=VERTEX_POINT('',#4310);
#1358=VERTEX_POINT('',#4321);
#1359=VERTEX_POINT('',#4334);
#1360=VERTEX_POINT('',#4335);
#1361=VERTEX_POINT('',#4338);
#1362=VERTEX_POINT('',#4340);
#1363=VERTEX_POINT('',#4342);
#1364=VERTEX_POINT('',#4344);
#1365=VERTEX_POINT('',#4347);
#1366=VERTEX_POINT('',#4349);
#1367=VERTEX_POINT('',#4353);
#1368=VERTEX_POINT('',#4354);
#1369=VERTEX_POINT('',#4356);
#1370=VERTEX_POINT('',#4358);
#1371=VERTEX_POINT('',#4363);
#1372=VERTEX_POINT('',#4364);
#1373=VERTEX_POINT('',#4369);
#1374=VERTEX_POINT('',#4370);
#1375=VERTEX_POINT('',#4372);
#1376=VERTEX_POINT('',#4374);
#1377=VERTEX_POINT('',#4377);
#1378=VERTEX_POINT('',#4381);
#1379=VERTEX_POINT('',#4382);
#1380=VERTEX_POINT('',#4385);
#1381=VERTEX_POINT('',#4389);
#1382=VERTEX_POINT('',#4394);
#1383=VERTEX_POINT('',#4398);
#1384=VERTEX_POINT('',#4402);
#1385=VERTEX_POINT('',#4406);
#1386=VERTEX_POINT('',#4410);
#1387=VERTEX_POINT('',#4412);
#1388=VERTEX_POINT('',#4416);
#1389=VERTEX_POINT('',#4418);
#1390=VERTEX_POINT('',#4422);
#1391=VERTEX_POINT('',#4426);
#1392=VERTEX_POINT('',#4430);
#1393=VERTEX_POINT('',#4432);
#1394=VERTEX_POINT('',#4436);
#1395=VERTEX_POINT('',#4437);
#1396=VERTEX_POINT('',#4440);
#1397=VERTEX_POINT('',#4442);
#1398=VERTEX_POINT('',#4446);
#1399=VERTEX_POINT('',#4447);
#1400=VERTEX_POINT('',#4449);
#1401=VERTEX_POINT('',#4451);
#1402=VERTEX_POINT('',#4455);
#1403=VERTEX_POINT('',#4456);
#1404=VERTEX_POINT('',#4462);
#1405=VERTEX_POINT('',#4463);
#1406=VERTEX_POINT('',#4468);
#1407=VERTEX_POINT('',#4469);
#1408=VERTEX_POINT('',#4471);
#1409=VERTEX_POINT('',#4478);
#1410=VERTEX_POINT('',#4480);
#1411=VERTEX_POINT('',#4487);
#1412=VERTEX_POINT('',#4489);
#1413=VERTEX_POINT('',#4491);
#1414=VERTEX_POINT('',#4493);
#1415=VERTEX_POINT('',#4500);
#1416=VERTEX_POINT('',#4502);
#1417=VERTEX_POINT('',#4509);
#1418=VERTEX_POINT('',#4520);
#1419=VERTEX_POINT('',#4522);
#1420=VERTEX_POINT('',#4533);
#1421=VERTEX_POINT('',#4542);
#1422=VERTEX_POINT('',#4553);
#1423=VERTEX_POINT('',#4564);
#1424=VERTEX_POINT('',#4575);
#1425=VERTEX_POINT('',#4586);
#1426=VERTEX_POINT('',#4597);
#1427=VERTEX_POINT('',#4606);
#1428=VERTEX_POINT('',#4617);
#1429=VERTEX_POINT('',#4628);
#1430=VERTEX_POINT('',#4641);
#1431=VERTEX_POINT('',#4642);
#1432=VERTEX_POINT('',#4644);
#1433=VERTEX_POINT('',#4646);
#1434=VERTEX_POINT('',#4650);
#1435=VERTEX_POINT('',#4652);
#1436=VERTEX_POINT('',#4658);
#1437=VERTEX_POINT('',#4662);
#1438=VERTEX_POINT('',#4672);
#1439=VERTEX_POINT('',#4674);
#1440=VERTEX_POINT('',#4678);
#1441=VERTEX_POINT('',#4682);
#1442=VERTEX_POINT('',#4683);
#1443=VERTEX_POINT('',#4685);
#1444=VERTEX_POINT('',#4687);
#1445=VERTEX_POINT('',#4689);
#1446=VERTEX_POINT('',#4691);
#1447=VERTEX_POINT('',#4695);
#1448=VERTEX_POINT('',#4697);
#1449=VERTEX_POINT('',#4701);
#1450=VERTEX_POINT('',#4705);
#1451=VERTEX_POINT('',#4707);
#1452=VERTEX_POINT('',#4711);
#1453=VERTEX_POINT('',#4715);
#1454=VERTEX_POINT('',#4717);
#1455=VERTEX_POINT('',#4719);
#1456=VERTEX_POINT('',#4723);
#1457=VERTEX_POINT('',#4724);
#1458=VERTEX_POINT('',#4726);
#1459=VERTEX_POINT('',#4728);
#1460=VERTEX_POINT('',#4739);
#1461=VERTEX_POINT('',#4740);
#1462=VERTEX_POINT('',#4742);
#1463=VERTEX_POINT('',#4744);
#1464=VERTEX_POINT('',#4756);
#1465=VERTEX_POINT('',#4760);
#1466=VERTEX_POINT('',#4765);
#1467=VERTEX_POINT('',#4767);
#1468=VERTEX_POINT('',#4771);
#1469=VERTEX_POINT('',#4773);
#1470=VERTEX_POINT('',#4777);
#1471=VERTEX_POINT('',#4778);
#1472=VERTEX_POINT('',#4786);
#1473=VERTEX_POINT('',#4790);
#1474=VERTEX_POINT('',#4792);
#1475=VERTEX_POINT('',#4794);
#1476=VERTEX_POINT('',#4798);
#1477=VERTEX_POINT('',#4799);
#1478=VERTEX_POINT('',#4802);
#1479=VERTEX_POINT('',#4810);
#1480=VERTEX_POINT('',#4816);
#1481=VERTEX_POINT('',#4818);
#1482=VERTEX_POINT('',#4821);
#1483=VERTEX_POINT('',#4823);
#1484=VERTEX_POINT('',#4825);
#1485=VERTEX_POINT('',#4830);
#1486=VERTEX_POINT('',#4834);
#1487=VERTEX_POINT('',#4845);
#1488=VERTEX_POINT('',#4865);
#1489=VERTEX_POINT('',#4867);
#1490=VERTEX_POINT('',#4873);
#1491=VERTEX_POINT('',#4877);
#1492=VERTEX_POINT('',#4888);
#1493=VERTEX_POINT('',#4892);
#1494=VERTEX_POINT('',#4908);
#1495=VERTEX_POINT('',#4920);
#1496=VERTEX_POINT('',#4932);
#1497=VERTEX_POINT('',#4933);
#1498=VERTEX_POINT('',#4935);
#1499=VERTEX_POINT('',#4937);
#1500=VERTEX_POINT('',#4941);
#1501=VERTEX_POINT('',#4943);
#1502=VERTEX_POINT('',#4947);
#1503=VERTEX_POINT('',#4949);
#1504=VERTEX_POINT('',#4953);
#1505=VERTEX_POINT('',#4955);
#1506=VERTEX_POINT('',#4959);
#1507=VERTEX_POINT('',#4961);
#1508=VERTEX_POINT('',#4965);
#1509=VERTEX_POINT('',#4967);
#1510=VERTEX_POINT('',#4971);
#1511=VERTEX_POINT('',#4973);
#1512=VERTEX_POINT('',#4977);
#1513=VERTEX_POINT('',#4979);
#1514=VERTEX_POINT('',#4983);
#1515=VERTEX_POINT('',#4985);
#1516=VERTEX_POINT('',#4989);
#1517=VERTEX_POINT('',#4991);
#1518=VERTEX_POINT('',#4995);
#1519=VERTEX_POINT('',#4997);
#1520=VERTEX_POINT('',#5001);
#1521=VERTEX_POINT('',#5003);
#1522=VERTEX_POINT('',#5007);
#1523=VERTEX_POINT('',#5009);
#1524=VERTEX_POINT('',#5013);
#1525=VERTEX_POINT('',#5015);
#1526=VERTEX_POINT('',#5019);
#1527=VERTEX_POINT('',#5021);
#1528=VERTEX_POINT('',#5028);
#1529=VERTEX_POINT('',#5029);
#1530=VERTEX_POINT('',#5031);
#1531=VERTEX_POINT('',#5033);
#1532=VERTEX_POINT('',#5037);
#1533=VERTEX_POINT('',#5039);
#1534=VERTEX_POINT('',#5043);
#1535=VERTEX_POINT('',#5045);
#1536=VERTEX_POINT('',#5049);
#1537=VERTEX_POINT('',#5051);
#1538=VERTEX_POINT('',#5055);
#1539=VERTEX_POINT('',#5057);
#1540=VERTEX_POINT('',#5061);
#1541=VERTEX_POINT('',#5063);
#1542=VERTEX_POINT('',#5067);
#1543=VERTEX_POINT('',#5069);
#1544=VERTEX_POINT('',#5073);
#1545=VERTEX_POINT('',#5075);
#1546=VERTEX_POINT('',#5079);
#1547=VERTEX_POINT('',#5081);
#1548=VERTEX_POINT('',#5085);
#1549=VERTEX_POINT('',#5087);
#1550=VERTEX_POINT('',#5091);
#1551=VERTEX_POINT('',#5093);
#1552=VERTEX_POINT('',#5097);
#1553=VERTEX_POINT('',#5099);
#1554=VERTEX_POINT('',#5103);
#1555=VERTEX_POINT('',#5105);
#1556=VERTEX_POINT('',#5109);
#1557=VERTEX_POINT('',#5111);
#1558=VERTEX_POINT('',#5115);
#1559=VERTEX_POINT('',#5117);
#1560=VERTEX_POINT('',#5125);
#1561=VERTEX_POINT('',#5126);
#1562=VERTEX_POINT('',#5128);
#1563=VERTEX_POINT('',#5130);
#1564=VERTEX_POINT('',#5133);
#1565=VERTEX_POINT('',#5135);
#1566=VERTEX_POINT('',#5137);
#1567=VERTEX_POINT('',#5139);
#1568=VERTEX_POINT('',#5142);
#1569=VERTEX_POINT('',#5143);
#1570=VERTEX_POINT('',#5145);
#1571=VERTEX_POINT('',#5147);
#1572=VERTEX_POINT('',#5150);
#1573=VERTEX_POINT('',#5152);
#1574=VERTEX_POINT('',#5154);
#1575=VERTEX_POINT('',#5156);
#1576=EDGE_CURVE('',#1284,#1285,#1219,.T.);
#1577=EDGE_CURVE('',#1286,#1284,#523,.T.);
#1578=EDGE_CURVE('',#1287,#1286,#1220,.T.);
#1579=EDGE_CURVE('',#1285,#1287,#524,.T.);
#1580=EDGE_CURVE('',#1288,#1289,#525,.T.);
#1581=EDGE_CURVE('',#1290,#1288,#1221,.T.);
#1582=EDGE_CURVE('',#1291,#1290,#526,.T.);
#1583=EDGE_CURVE('',#1289,#1291,#1222,.T.);
#1584=EDGE_CURVE('',#1292,#1291,#527,.T.);
#1585=EDGE_CURVE('',#1292,#1293,#528,.T.);
#1586=EDGE_CURVE('',#1293,#1294,#529,.T.);
#1587=EDGE_CURVE('',#1294,#1295,#530,.T.);
#1588=EDGE_CURVE('',#1289,#1295,#531,.T.);
#1589=EDGE_CURVE('',#1290,#1296,#532,.F.);
#1590=EDGE_CURVE('',#1296,#1297,#533,.F.);
#1591=EDGE_CURVE('',#1297,#1298,#1223,.F.);
#1592=EDGE_CURVE('',#1298,#1299,#534,.F.);
#1593=EDGE_CURVE('',#1299,#1300,#535,.F.);
#1594=EDGE_CURVE('',#1300,#1301,#536,.F.);
#1595=EDGE_CURVE('',#1301,#1302,#1224,.F.);
#1596=EDGE_CURVE('',#1302,#1303,#537,.F.);
#1597=EDGE_CURVE('',#1303,#1285,#538,.F.);
#1598=EDGE_CURVE('',#1287,#1304,#539,.T.);
#1599=EDGE_CURVE('',#1304,#1292,#540,.T.);
#1600=EDGE_CURVE('',#1305,#1305,#1225,.F.);
#1601=EDGE_CURVE('',#1306,#1306,#1226,.F.);
#1602=EDGE_CURVE('',#1307,#1286,#541,.T.);
#1603=EDGE_CURVE('',#1307,#1308,#542,.T.);
#1604=EDGE_CURVE('',#1308,#1309,#543,.T.);
#1605=EDGE_CURVE('',#1309,#1304,#544,.T.);
#1606=EDGE_CURVE('',#1310,#1311,#545,.T.);
#1607=EDGE_CURVE('',#1312,#1310,#546,.T.);
#1608=EDGE_CURVE('',#1313,#1312,#547,.T.);
#1609=EDGE_CURVE('',#1314,#1313,#548,.T.);
#1610=EDGE_CURVE('',#1315,#1314,#549,.T.);
#1611=EDGE_CURVE('',#1316,#1315,#550,.T.);
#1612=EDGE_CURVE('',#1316,#1311,#1227,.T.);
#1613=EDGE_CURVE('',#1317,#1318,#551,.T.);
#1614=EDGE_CURVE('',#1310,#1318,#552,.T.);
#1615=EDGE_CURVE('',#1311,#1319,#553,.T.);
#1616=EDGE_CURVE('',#1319,#1317,#554,.T.);
#1617=EDGE_CURVE('',#1320,#1321,#555,.T.);
#1618=EDGE_CURVE('',#1322,#1320,#556,.T.);
#1619=EDGE_CURVE('',#1323,#1322,#557,.T.);
#1620=EDGE_CURVE('',#1324,#1323,#558,.T.);
#1621=EDGE_CURVE('',#1325,#1324,#559,.T.);
#1622=EDGE_CURVE('',#1325,#1321,#560,.T.);
#1623=EDGE_CURVE('',#1326,#1327,#561,.T.);
#1624=EDGE_CURVE('',#1327,#1328,#562,.T.);
#1625=EDGE_CURVE('',#1328,#1329,#563,.T.);
#1626=EDGE_CURVE('',#1329,#1330,#564,.T.);
#1627=EDGE_CURVE('',#1330,#1331,#565,.T.);
#1628=EDGE_CURVE('',#1331,#1318,#566,.T.);
#1629=EDGE_CURVE('',#1317,#1332,#567,.T.);
#1630=EDGE_CURVE('',#1332,#1333,#1228,.T.);
#1631=EDGE_CURVE('',#1334,#1333,#568,.T.);
#1632=EDGE_CURVE('',#1334,#1335,#1229,.T.);
#1633=EDGE_CURVE('',#1335,#1326,#569,.T.);
#1634=EDGE_CURVE('',#1336,#1302,#570,.T.);
#1635=EDGE_CURVE('',#1337,#1336,#571,.T.);
#1636=EDGE_CURVE('',#1303,#1337,#572,.F.);
#1637=EDGE_CURVE('',#1338,#1339,#573,.T.);
#1638=EDGE_CURVE('',#1336,#1339,#1230,.T.);
#1639=EDGE_CURVE('',#1301,#1340,#574,.T.);
#1640=EDGE_CURVE('',#1338,#1340,#41,.T.);
#1641=EDGE_CURVE('',#1341,#1342,#575,.F.);
#1642=EDGE_CURVE('',#1343,#1342,#576,.T.);
#1643=EDGE_CURVE('',#1343,#1344,#577,.T.);
#1644=EDGE_CURVE('',#1344,#1345,#578,.T.);
#1645=EDGE_CURVE('',#1345,#1346,#579,.T.);
#1646=EDGE_CURVE('',#1339,#1346,#580,.T.);
#1647=EDGE_CURVE('',#1347,#1338,#581,.T.);
#1648=EDGE_CURVE('',#1347,#1348,#1231,.T.);
#1649=EDGE_CURVE('',#1349,#1348,#582,.T.);
#1650=EDGE_CURVE('',#1349,#1350,#1232,.T.);
#1651=EDGE_CURVE('',#1341,#1350,#583,.T.);
#1652=EDGE_CURVE('',#1351,#1352,#1233,.T.);
#1653=EDGE_CURVE('',#1353,#1352,#584,.T.);
#1654=EDGE_CURVE('',#1354,#1353,#585,.T.);
#1655=EDGE_CURVE('',#1355,#1354,#586,.T.);
#1656=EDGE_CURVE('',#1356,#1355,#1234,.T.);
#1657=EDGE_CURVE('',#1356,#1357,#30,.T.);
#1658=EDGE_CURVE('',#1358,#1357,#587,.T.);
#1659=EDGE_CURVE('',#1358,#1351,#31,.T.);
#1660=EDGE_CURVE('',#1359,#1360,#1235,.T.);
#1661=EDGE_CURVE('',#1352,#1359,#588,.T.);
#1662=EDGE_CURVE('',#1351,#1361,#589,.T.);
#1663=EDGE_CURVE('',#1362,#1361,#590,.T.);
#1664=EDGE_CURVE('',#1362,#1363,#591,.T.);
#1665=EDGE_CURVE('',#1364,#1363,#592,.T.);
#1666=EDGE_CURVE('',#1364,#1320,#593,.T.);
#1667=EDGE_CURVE('',#1321,#1365,#594,.T.);
#1668=EDGE_CURVE('',#1366,#1365,#595,.T.);
#1669=EDGE_CURVE('',#1366,#1360,#596,.T.);
#1670=EDGE_CURVE('',#1367,#1368,#597,.T.);
#1671=EDGE_CURVE('',#1368,#1369,#598,.T.);
#1672=EDGE_CURVE('',#1369,#1370,#599,.T.);
#1673=EDGE_CURVE('',#1370,#1364,#600,.T.);
#1674=EDGE_CURVE('',#1367,#1363,#601,.T.);
#1675=EDGE_CURVE('',#1371,#1372,#602,.T.);
#1676=EDGE_CURVE('',#1368,#1371,#603,.T.);
#1677=EDGE_CURVE('',#1367,#1372,#604,.T.);
#1678=EDGE_CURVE('',#1373,#1374,#605,.T.);
#1679=EDGE_CURVE('',#1375,#1374,#606,.T.);
#1680=EDGE_CURVE('',#1376,#1375,#607,.T.);
#1681=EDGE_CURVE('',#1376,#1371,#608,.T.);
#1682=EDGE_CURVE('',#1372,#1377,#609,.T.);
#1683=EDGE_CURVE('',#1377,#1373,#1236,.T.);
#1684=EDGE_CURVE('',#1378,#1379,#610,.T.);
#1685=EDGE_CURVE('',#1374,#1378,#611,.T.);
#1686=EDGE_CURVE('',#1373,#1380,#612,.T.);
#1687=EDGE_CURVE('',#1379,#1380,#613,.T.);
#1688=EDGE_CURVE('',#1381,#1300,#614,.F.);
#1689=EDGE_CURVE('',#1378,#1381,#615,.T.);
#1690=EDGE_CURVE('',#1379,#1340,#616,.T.);
#1691=EDGE_CURVE('',#1299,#1382,#617,.F.);
#1692=EDGE_CURVE('',#1381,#1382,#618,.T.);
#1693=EDGE_CURVE('',#1383,#1298,#619,.T.);
#1694=EDGE_CURVE('',#1382,#1383,#620,.T.);
#1695=EDGE_CURVE('',#1384,#1297,#621,.T.);
#1696=EDGE_CURVE('',#1383,#1384,#1237,.T.);
#1697=EDGE_CURVE('',#1385,#1296,#622,.F.);
#1698=EDGE_CURVE('',#1384,#1385,#623,.T.);
#1699=EDGE_CURVE('',#1386,#1288,#624,.F.);
#1700=EDGE_CURVE('',#1387,#1386,#625,.T.);
#1701=EDGE_CURVE('',#1385,#1387,#626,.T.);
#1702=EDGE_CURVE('',#1388,#1388,#1238,.T.);
#1703=EDGE_CURVE('',#1388,#1389,#627,.T.);
#1704=EDGE_CURVE('',#1389,#1389,#1239,.F.);
#1705=EDGE_CURVE('',#1390,#1390,#1240,.T.);
#1706=EDGE_CURVE('',#1390,#1305,#628,.T.);
#1707=EDGE_CURVE('',#1391,#1391,#1241,.T.);
#1708=EDGE_CURVE('',#1391,#1306,#629,.T.);
#1709=EDGE_CURVE('',#1392,#1392,#1242,.T.);
#1710=EDGE_CURVE('',#1392,#1393,#630,.T.);
#1711=EDGE_CURVE('',#1393,#1393,#1243,.F.);
#1712=EDGE_CURVE('',#1394,#1395,#631,.T.);
#1713=EDGE_CURVE('',#1342,#1394,#1244,.T.);
#1714=EDGE_CURVE('',#1341,#1396,#42,.T.);
#1715=EDGE_CURVE('',#1396,#1397,#632,.T.);
#1716=EDGE_CURVE('',#1395,#1397,#1245,.F.);
#1717=EDGE_CURVE('',#1398,#1399,#633,.F.);
#1718=EDGE_CURVE('',#1400,#1399,#634,.T.);
#1719=EDGE_CURVE('',#1400,#1401,#635,.F.);
#1720=EDGE_CURVE('',#1398,#1401,#636,.F.);
#1721=EDGE_CURVE('',#1402,#1403,#637,.T.);
#1722=EDGE_CURVE('',#1399,#1403,#638,.T.);
#1723=EDGE_CURVE('',#1397,#1398,#639,.F.);
#1724=EDGE_CURVE('',#1396,#1402,#640,.T.);
#1725=EDGE_CURVE('',#1404,#1405,#641,.T.);
#1726=EDGE_CURVE('',#1405,#1394,#642,.F.);
#1727=EDGE_CURVE('',#1404,#1395,#643,.F.);
#1728=EDGE_CURVE('',#1406,#1407,#644,.T.);
#1729=EDGE_CURVE('',#1407,#1408,#32,.T.);
#1730=EDGE_CURVE('',#1408,#1409,#645,.T.);
#1731=EDGE_CURVE('',#1409,#1410,#33,.T.);
#1732=EDGE_CURVE('',#1410,#1411,#646,.T.);
#1733=EDGE_CURVE('',#1411,#1412,#1246,.T.);
#1734=EDGE_CURVE('',#1412,#1413,#647,.T.);
#1735=EDGE_CURVE('',#1413,#1414,#34,.T.);
#1736=EDGE_CURVE('',#1414,#1415,#648,.T.);
#1737=EDGE_CURVE('',#1415,#1416,#35,.T.);
#1738=EDGE_CURVE('',#1416,#1417,#649,.T.);
#1739=EDGE_CURVE('',#1417,#1406,#43,.T.);
#1740=EDGE_CURVE('',#1407,#1418,#650,.T.);
#1741=EDGE_CURVE('',#1418,#1419,#1247,.T.);
#1742=EDGE_CURVE('',#1408,#1419,#651,.T.);
#1743=EDGE_CURVE('',#1406,#1420,#36,.T.);
#1744=EDGE_CURVE('',#1420,#1418,#652,.T.);
#1745=EDGE_CURVE('',#1417,#1421,#653,.T.);
#1746=EDGE_CURVE('',#1421,#1420,#44,.T.);
#1747=EDGE_CURVE('',#1416,#1422,#654,.T.);
#1748=EDGE_CURVE('',#1422,#1421,#655,.T.);
#1749=EDGE_CURVE('',#1415,#1423,#656,.T.);
#1750=EDGE_CURVE('',#1423,#1422,#1248,.T.);
#1751=EDGE_CURVE('',#1414,#1424,#657,.T.);
#1752=EDGE_CURVE('',#1424,#1423,#658,.T.);
#1753=EDGE_CURVE('',#1413,#1425,#659,.T.);
#1754=EDGE_CURVE('',#1425,#1424,#1249,.T.);
#1755=EDGE_CURVE('',#1412,#1426,#37,.T.);
#1756=EDGE_CURVE('',#1426,#1425,#660,.T.);
#1757=EDGE_CURVE('',#1411,#1427,#661,.T.);
#1758=EDGE_CURVE('',#1427,#1426,#45,.T.);
#1759=EDGE_CURVE('',#1410,#1428,#662,.T.);
#1760=EDGE_CURVE('',#1428,#1427,#663,.T.);
#1761=EDGE_CURVE('',#1409,#1429,#38,.T.);
#1762=EDGE_CURVE('',#1429,#1428,#1250,.T.);
#1763=EDGE_CURVE('',#1419,#1429,#18,.T.);
#1764=EDGE_CURVE('',#1430,#1431,#1251,.T.);
#1765=EDGE_CURVE('',#1431,#1432,#664,.T.);
#1766=EDGE_CURVE('',#1432,#1433,#1252,.T.);
#1767=EDGE_CURVE('',#1433,#1430,#665,.T.);
#1768=EDGE_CURVE('',#1431,#1434,#666,.T.);
#1769=EDGE_CURVE('',#1434,#1435,#19,.T.);
#1770=EDGE_CURVE('',#1432,#1435,#667,.T.);
#1771=EDGE_CURVE('',#1430,#1436,#668,.T.);
#1772=EDGE_CURVE('',#1436,#1434,#1253,.T.);
#1773=EDGE_CURVE('',#1433,#1437,#669,.T.);
#1774=EDGE_CURVE('',#1437,#1436,#20,.T.);
#1775=EDGE_CURVE('',#1435,#1437,#1254,.T.);
#1776=EDGE_CURVE('',#1369,#1376,#670,.T.);
#1777=EDGE_CURVE('',#1438,#1324,#671,.T.);
#1778=EDGE_CURVE('',#1439,#1323,#672,.T.);
#1779=EDGE_CURVE('',#1438,#1439,#673,.T.);
#1780=EDGE_CURVE('',#1440,#1438,#674,.T.);
#1781=EDGE_CURVE('',#1440,#1325,#675,.T.);
#1782=EDGE_CURVE('',#1441,#1442,#676,.T.);
#1783=EDGE_CURVE('',#1443,#1441,#677,.T.);
#1784=EDGE_CURVE('',#1444,#1443,#678,.T.);
#1785=EDGE_CURVE('',#1445,#1444,#679,.T.);
#1786=EDGE_CURVE('',#1446,#1445,#680,.T.);
#1787=EDGE_CURVE('',#1442,#1446,#681,.T.);
#1788=EDGE_CURVE('',#1445,#1447,#682,.T.);
#1789=EDGE_CURVE('',#1447,#1448,#683,.T.);
#1790=EDGE_CURVE('',#1446,#1448,#684,.T.);
#1791=EDGE_CURVE('',#1449,#1447,#685,.T.);
#1792=EDGE_CURVE('',#1444,#1449,#686,.T.);
#1793=EDGE_CURVE('',#1313,#1450,#687,.T.);
#1794=EDGE_CURVE('',#1451,#1450,#688,.T.);
#1795=EDGE_CURVE('',#1314,#1451,#689,.T.);
#1796=EDGE_CURVE('',#1452,#1451,#690,.T.);
#1797=EDGE_CURVE('',#1315,#1452,#691,.T.);
#1798=EDGE_CURVE('',#1450,#1453,#692,.T.);
#1799=EDGE_CURVE('',#1453,#1454,#693,.T.);
#1800=EDGE_CURVE('',#1454,#1455,#694,.T.);
#1801=EDGE_CURVE('',#1455,#1452,#695,.T.);
#1802=EDGE_CURVE('',#1456,#1457,#696,.T.);
#1803=EDGE_CURVE('',#1458,#1456,#697,.T.);
#1804=EDGE_CURVE('',#1459,#1458,#698,.T.);
#1805=EDGE_CURVE('',#1459,#1457,#699,.T.);
#1806=EDGE_CURVE('',#1344,#1459,#700,.T.);
#1807=EDGE_CURVE('',#1458,#1345,#701,.T.);
#1808=EDGE_CURVE('',#1457,#1343,#702,.T.);
#1809=EDGE_CURVE('',#1346,#1456,#703,.T.);
#1810=EDGE_CURVE('',#1460,#1461,#704,.T.);
#1811=EDGE_CURVE('',#1462,#1460,#705,.T.);
#1812=EDGE_CURVE('',#1463,#1462,#706,.T.);
#1813=EDGE_CURVE('',#1463,#1461,#707,.T.);
#1814=EDGE_CURVE('',#1329,#1463,#708,.T.);
#1815=EDGE_CURVE('',#1462,#1330,#709,.T.);
#1816=EDGE_CURVE('',#1331,#1460,#710,.T.);
#1817=EDGE_CURVE('',#1461,#1328,#711,.T.);
#1818=EDGE_CURVE('',#1453,#1443,#712,.T.);
#1819=EDGE_CURVE('',#1464,#1312,#713,.T.);
#1820=EDGE_CURVE('',#1449,#1464,#714,.T.);
#1821=EDGE_CURVE('',#1439,#1465,#715,.T.);
#1822=EDGE_CURVE('',#1370,#1322,#716,.T.);
#1823=EDGE_CURVE('',#1465,#1375,#717,.T.);
#1824=EDGE_CURVE('',#1353,#1466,#718,.T.);
#1825=EDGE_CURVE('',#1467,#1466,#719,.T.);
#1826=EDGE_CURVE('',#1354,#1467,#720,.T.);
#1827=EDGE_CURVE('',#1468,#1467,#721,.T.);
#1828=EDGE_CURVE('',#1469,#1468,#722,.T.);
#1829=EDGE_CURVE('',#1354,#1469,#723,.T.);
#1830=EDGE_CURVE('',#1470,#1471,#724,.T.);
#1831=EDGE_CURVE('',#1466,#1471,#725,.T.);
#1832=EDGE_CURVE('',#1470,#1353,#726,.T.);
#1833=EDGE_CURVE('',#1471,#1468,#727,.T.);
#1834=EDGE_CURVE('',#1469,#1470,#728,.T.);
#1835=EDGE_CURVE('',#1472,#1469,#729,.T.);
#1836=EDGE_CURVE('',#1355,#1472,#730,.T.);
#1837=EDGE_CURVE('',#1473,#1465,#731,.T.);
#1838=EDGE_CURVE('',#1473,#1474,#732,.T.);
#1839=EDGE_CURVE('',#1474,#1475,#1255,.T.);
#1840=EDGE_CURVE('',#1440,#1475,#733,.T.);
#1841=EDGE_CURVE('',#1476,#1477,#734,.T.);
#1842=EDGE_CURVE('',#1403,#1477,#735,.T.);
#1843=EDGE_CURVE('',#1402,#1478,#736,.T.);
#1844=EDGE_CURVE('',#1478,#1476,#737,.T.);
#1845=EDGE_CURVE('',#1470,#1359,#738,.T.);
#1846=EDGE_CURVE('',#1327,#1473,#739,.T.);
#1847=EDGE_CURVE('',#1479,#1326,#740,.T.);
#1848=EDGE_CURVE('',#1479,#1474,#741,.T.);
#1849=EDGE_CURVE('',#1441,#1454,#742,.T.);
#1850=EDGE_CURVE('',#1480,#1442,#743,.T.);
#1851=EDGE_CURVE('',#1480,#1481,#744,.T.);
#1852=EDGE_CURVE('',#1481,#1356,#745,.T.);
#1853=EDGE_CURVE('',#1472,#1482,#1256,.T.);
#1854=EDGE_CURVE('',#1482,#1483,#746,.T.);
#1855=EDGE_CURVE('',#1483,#1484,#747,.T.);
#1856=EDGE_CURVE('',#1455,#1484,#748,.T.);
#1857=EDGE_CURVE('',#1477,#1464,#749,.T.);
#1858=EDGE_CURVE('',#1476,#1485,#1257,.T.);
#1859=EDGE_CURVE('',#1485,#1448,#750,.T.);
#1860=EDGE_CURVE('',#1360,#1486,#39,.T.);
#1861=EDGE_CURVE('',#1487,#1486,#751,.T.);
#1862=EDGE_CURVE('',#1487,#1482,#40,.T.);
#1863=EDGE_CURVE('',#1405,#1337,#752,.T.);
#1864=EDGE_CURVE('',#1284,#1404,#753,.F.);
#1865=EDGE_CURVE('',#1488,#1387,#754,.F.);
#1866=EDGE_CURVE('',#1488,#1489,#1258,.T.);
#1867=EDGE_CURVE('',#1489,#1400,#755,.T.);
#1868=EDGE_CURVE('',#1490,#1489,#756,.T.);
#1869=EDGE_CURVE('',#1401,#1490,#757,.F.);
#1870=EDGE_CURVE('',#1488,#1491,#758,.T.);
#1871=EDGE_CURVE('',#1490,#1491,#1259,.F.);
#1872=EDGE_CURVE('',#1491,#1386,#759,.F.);
#1873=EDGE_CURVE('',#1293,#1309,#760,.T.);
#1874=EDGE_CURVE('',#1357,#1349,#761,.T.);
#1875=EDGE_CURVE('',#1348,#1358,#762,.T.);
#1876=EDGE_CURVE('',#1485,#1492,#763,.T.);
#1877=EDGE_CURVE('',#1492,#1480,#764,.T.);
#1878=EDGE_CURVE('',#1380,#1493,#46,.T.);
#1879=EDGE_CURVE('',#1362,#1493,#765,.T.);
#1880=EDGE_CURVE('',#1361,#1347,#47,.T.);
#1881=EDGE_CURVE('',#1493,#1377,#766,.T.);
#1882=EDGE_CURVE('',#1350,#1481,#48,.T.);
#1883=EDGE_CURVE('',#1492,#1478,#49,.T.);
#1884=EDGE_CURVE('',#1295,#1307,#767,.T.);
#1885=EDGE_CURVE('',#1319,#1494,#50,.T.);
#1886=EDGE_CURVE('',#1494,#1316,#768,.T.);
#1887=EDGE_CURVE('',#1333,#1487,#769,.T.);
#1888=EDGE_CURVE('',#1483,#1332,#51,.T.);
#1889=EDGE_CURVE('',#1494,#1484,#770,.T.);
#1890=EDGE_CURVE('',#1486,#1334,#771,.T.);
#1891=EDGE_CURVE('',#1475,#1495,#772,.T.);
#1892=EDGE_CURVE('',#1365,#1495,#773,.T.);
#1893=EDGE_CURVE('',#1495,#1479,#52,.T.);
#1894=EDGE_CURVE('',#1335,#1366,#53,.T.);
#1895=EDGE_CURVE('',#1308,#1294,#774,.T.);
#1896=EDGE_CURVE('',#1496,#1497,#775,.T.);
#1897=EDGE_CURVE('',#1496,#1498,#776,.T.);
#1898=EDGE_CURVE('',#1499,#1498,#777,.T.);
#1899=EDGE_CURVE('',#1497,#1499,#778,.T.);
#1900=EDGE_CURVE('',#1497,#1500,#1260,.T.);
#1901=EDGE_CURVE('',#1501,#1499,#1261,.T.);
#1902=EDGE_CURVE('',#1500,#1501,#779,.T.);
#1903=EDGE_CURVE('',#1500,#1502,#780,.T.);
#1904=EDGE_CURVE('',#1503,#1501,#781,.T.);
#1905=EDGE_CURVE('',#1502,#1503,#782,.T.);
#1906=EDGE_CURVE('',#1502,#1504,#783,.T.);
#1907=EDGE_CURVE('',#1505,#1503,#784,.T.);
#1908=EDGE_CURVE('',#1504,#1505,#785,.T.);
#1909=EDGE_CURVE('',#1504,#1506,#786,.T.);
#1910=EDGE_CURVE('',#1507,#1505,#787,.T.);
#1911=EDGE_CURVE('',#1506,#1507,#788,.T.);
#1912=EDGE_CURVE('',#1506,#1508,#1262,.T.);
#1913=EDGE_CURVE('',#1509,#1507,#1263,.T.);
#1914=EDGE_CURVE('',#1508,#1509,#789,.T.);
#1915=EDGE_CURVE('',#1508,#1510,#790,.T.);
#1916=EDGE_CURVE('',#1511,#1509,#791,.T.);
#1917=EDGE_CURVE('',#1510,#1511,#792,.T.);
#1918=EDGE_CURVE('',#1510,#1512,#793,.T.);
#1919=EDGE_CURVE('',#1513,#1511,#794,.T.);
#1920=EDGE_CURVE('',#1512,#1513,#795,.T.);
#1921=EDGE_CURVE('',#1512,#1514,#796,.T.);
#1922=EDGE_CURVE('',#1515,#1513,#797,.T.);
#1923=EDGE_CURVE('',#1514,#1515,#798,.T.);
#1924=EDGE_CURVE('',#1514,#1516,#1264,.T.);
#1925=EDGE_CURVE('',#1517,#1515,#1265,.T.);
#1926=EDGE_CURVE('',#1516,#1517,#799,.T.);
#1927=EDGE_CURVE('',#1516,#1518,#800,.T.);
#1928=EDGE_CURVE('',#1519,#1517,#801,.T.);
#1929=EDGE_CURVE('',#1518,#1519,#802,.T.);
#1930=EDGE_CURVE('',#1518,#1520,#803,.T.);
#1931=EDGE_CURVE('',#1521,#1519,#804,.T.);
#1932=EDGE_CURVE('',#1520,#1521,#805,.T.);
#1933=EDGE_CURVE('',#1520,#1522,#806,.T.);
#1934=EDGE_CURVE('',#1523,#1521,#807,.T.);
#1935=EDGE_CURVE('',#1522,#1523,#808,.T.);
#1936=EDGE_CURVE('',#1522,#1524,#1266,.T.);
#1937=EDGE_CURVE('',#1525,#1523,#1267,.T.);
#1938=EDGE_CURVE('',#1524,#1525,#809,.T.);
#1939=EDGE_CURVE('',#1524,#1526,#810,.T.);
#1940=EDGE_CURVE('',#1527,#1525,#811,.T.);
#1941=EDGE_CURVE('',#1526,#1527,#812,.T.);
#1942=EDGE_CURVE('',#1526,#1496,#813,.T.);
#1943=EDGE_CURVE('',#1498,#1527,#814,.T.);
#1944=EDGE_CURVE('',#1528,#1529,#815,.T.);
#1945=EDGE_CURVE('',#1528,#1530,#816,.T.);
#1946=EDGE_CURVE('',#1531,#1530,#817,.T.);
#1947=EDGE_CURVE('',#1529,#1531,#818,.T.);
#1948=EDGE_CURVE('',#1529,#1532,#1268,.T.);
#1949=EDGE_CURVE('',#1533,#1531,#1269,.T.);
#1950=EDGE_CURVE('',#1532,#1533,#819,.T.);
#1951=EDGE_CURVE('',#1532,#1534,#820,.T.);
#1952=EDGE_CURVE('',#1535,#1533,#821,.T.);
#1953=EDGE_CURVE('',#1534,#1535,#822,.T.);
#1954=EDGE_CURVE('',#1534,#1536,#823,.T.);
#1955=EDGE_CURVE('',#1537,#1535,#824,.T.);
#1956=EDGE_CURVE('',#1536,#1537,#825,.T.);
#1957=EDGE_CURVE('',#1536,#1538,#826,.T.);
#1958=EDGE_CURVE('',#1539,#1537,#827,.T.);
#1959=EDGE_CURVE('',#1538,#1539,#828,.T.);
#1960=EDGE_CURVE('',#1538,#1540,#1270,.T.);
#1961=EDGE_CURVE('',#1541,#1539,#1271,.T.);
#1962=EDGE_CURVE('',#1540,#1541,#829,.T.);
#1963=EDGE_CURVE('',#1540,#1542,#830,.T.);
#1964=EDGE_CURVE('',#1543,#1541,#831,.T.);
#1965=EDGE_CURVE('',#1542,#1543,#832,.T.);
#1966=EDGE_CURVE('',#1542,#1544,#833,.T.);
#1967=EDGE_CURVE('',#1545,#1543,#834,.T.);
#1968=EDGE_CURVE('',#1544,#1545,#835,.T.);
#1969=EDGE_CURVE('',#1544,#1546,#836,.T.);
#1970=EDGE_CURVE('',#1547,#1545,#837,.T.);
#1971=EDGE_CURVE('',#1546,#1547,#838,.T.);
#1972=EDGE_CURVE('',#1546,#1548,#1272,.T.);
#1973=EDGE_CURVE('',#1549,#1547,#1273,.T.);
#1974=EDGE_CURVE('',#1548,#1549,#839,.T.);
#1975=EDGE_CURVE('',#1548,#1550,#840,.T.);
#1976=EDGE_CURVE('',#1551,#1549,#841,.T.);
#1977=EDGE_CURVE('',#1550,#1551,#842,.T.);
#1978=EDGE_CURVE('',#1550,#1552,#843,.T.);
#1979=EDGE_CURVE('',#1553,#1551,#844,.T.);
#1980=EDGE_CURVE('',#1552,#1553,#845,.T.);
#1981=EDGE_CURVE('',#1552,#1554,#846,.T.);
#1982=EDGE_CURVE('',#1555,#1553,#847,.T.);
#1983=EDGE_CURVE('',#1554,#1555,#848,.T.);
#1984=EDGE_CURVE('',#1554,#1556,#1274,.T.);
#1985=EDGE_CURVE('',#1557,#1555,#1275,.T.);
#1986=EDGE_CURVE('',#1556,#1557,#849,.T.);
#1987=EDGE_CURVE('',#1556,#1558,#850,.T.);
#1988=EDGE_CURVE('',#1559,#1557,#851,.T.);
#1989=EDGE_CURVE('',#1558,#1559,#852,.T.);
#1990=EDGE_CURVE('',#1558,#1528,#853,.T.);
#1991=EDGE_CURVE('',#1530,#1559,#854,.T.);
#1992=EDGE_CURVE('',#1560,#1561,#855,.T.);
#1993=EDGE_CURVE('',#1562,#1560,#856,.T.);
#1994=EDGE_CURVE('',#1563,#1562,#857,.T.);
#1995=EDGE_CURVE('',#1561,#1563,#858,.T.);
#1996=EDGE_CURVE('',#1564,#1564,#1276,.T.);
#1997=EDGE_CURVE('',#1565,#1565,#1277,.T.);
#1998=EDGE_CURVE('',#1566,#1566,#1278,.T.);
#1999=EDGE_CURVE('',#1567,#1567,#1279,.T.);
#2000=EDGE_CURVE('',#1568,#1569,#859,.T.);
#2001=EDGE_CURVE('',#1570,#1568,#860,.T.);
#2002=EDGE_CURVE('',#1571,#1570,#861,.T.);
#2003=EDGE_CURVE('',#1569,#1571,#862,.T.);
#2004=EDGE_CURVE('',#1572,#1572,#1280,.T.);
#2005=EDGE_CURVE('',#1573,#1573,#1281,.T.);
#2006=EDGE_CURVE('',#1574,#1574,#1282,.T.);
#2007=EDGE_CURVE('',#1575,#1575,#1283,.T.);
#2008=EDGE_CURVE('',#1574,#1565,#863,.T.);
#2009=EDGE_CURVE('',#1563,#1571,#864,.T.);
#2010=EDGE_CURVE('',#1561,#1570,#865,.T.);
#2011=EDGE_CURVE('',#1560,#1568,#866,.T.);
#2012=EDGE_CURVE('',#1575,#1564,#867,.T.);
#2013=EDGE_CURVE('',#1562,#1569,#868,.T.);
#2014=EDGE_CURVE('',#1573,#1566,#869,.T.);
#2015=EDGE_CURVE('',#1572,#1567,#870,.T.);
#2016=ORIENTED_EDGE('',*,*,#1576,.F.);
#2017=ORIENTED_EDGE('',*,*,#1577,.F.);
#2018=ORIENTED_EDGE('',*,*,#1578,.F.);
#2019=ORIENTED_EDGE('',*,*,#1579,.F.);
#2020=ORIENTED_EDGE('',*,*,#1580,.F.);
#2021=ORIENTED_EDGE('',*,*,#1581,.F.);
#2022=ORIENTED_EDGE('',*,*,#1582,.F.);
#2023=ORIENTED_EDGE('',*,*,#1583,.F.);
#2024=ORIENTED_EDGE('',*,*,#1583,.T.);
#2025=ORIENTED_EDGE('',*,*,#1584,.F.);
#2026=ORIENTED_EDGE('',*,*,#1585,.T.);
#2027=ORIENTED_EDGE('',*,*,#1586,.T.);
#2028=ORIENTED_EDGE('',*,*,#1587,.T.);
#2029=ORIENTED_EDGE('',*,*,#1588,.F.);
#2030=ORIENTED_EDGE('',*,*,#1582,.T.);
#2031=ORIENTED_EDGE('',*,*,#1589,.T.);
#2032=ORIENTED_EDGE('',*,*,#1590,.T.);
#2033=ORIENTED_EDGE('',*,*,#1591,.T.);
#2034=ORIENTED_EDGE('',*,*,#1592,.T.);
#2035=ORIENTED_EDGE('',*,*,#1593,.T.);
#2036=ORIENTED_EDGE('',*,*,#1594,.T.);
#2037=ORIENTED_EDGE('',*,*,#1595,.T.);
#2038=ORIENTED_EDGE('',*,*,#1596,.T.);
#2039=ORIENTED_EDGE('',*,*,#1597,.T.);
#2040=ORIENTED_EDGE('',*,*,#1579,.T.);
#2041=ORIENTED_EDGE('',*,*,#1598,.T.);
#2042=ORIENTED_EDGE('',*,*,#1599,.T.);
#2043=ORIENTED_EDGE('',*,*,#1584,.T.);
#2044=ORIENTED_EDGE('',*,*,#1600,.T.);
#2045=ORIENTED_EDGE('',*,*,#1601,.T.);
#2046=ORIENTED_EDGE('',*,*,#1578,.T.);
#2047=ORIENTED_EDGE('',*,*,#1602,.F.);
#2048=ORIENTED_EDGE('',*,*,#1603,.T.);
#2049=ORIENTED_EDGE('',*,*,#1604,.T.);
#2050=ORIENTED_EDGE('',*,*,#1605,.T.);
#2051=ORIENTED_EDGE('',*,*,#1598,.F.);
#2052=ORIENTED_EDGE('',*,*,#1606,.F.);
#2053=ORIENTED_EDGE('',*,*,#1607,.F.);
#2054=ORIENTED_EDGE('',*,*,#1608,.F.);
#2055=ORIENTED_EDGE('',*,*,#1609,.F.);
#2056=ORIENTED_EDGE('',*,*,#1610,.F.);
#2057=ORIENTED_EDGE('',*,*,#1611,.F.);
#2058=ORIENTED_EDGE('',*,*,#1612,.T.);
#2059=ORIENTED_EDGE('',*,*,#1613,.T.);
#2060=ORIENTED_EDGE('',*,*,#1614,.F.);
#2061=ORIENTED_EDGE('',*,*,#1606,.T.);
#2062=ORIENTED_EDGE('',*,*,#1615,.T.);
#2063=ORIENTED_EDGE('',*,*,#1616,.T.);
#2064=ORIENTED_EDGE('',*,*,#1617,.F.);
#2065=ORIENTED_EDGE('',*,*,#1618,.F.);
#2066=ORIENTED_EDGE('',*,*,#1619,.F.);
#2067=ORIENTED_EDGE('',*,*,#1620,.F.);
#2068=ORIENTED_EDGE('',*,*,#1621,.F.);
#2069=ORIENTED_EDGE('',*,*,#1622,.T.);
#2070=ORIENTED_EDGE('',*,*,#1623,.T.);
#2071=ORIENTED_EDGE('',*,*,#1624,.T.);
#2072=ORIENTED_EDGE('',*,*,#1625,.T.);
#2073=ORIENTED_EDGE('',*,*,#1626,.T.);
#2074=ORIENTED_EDGE('',*,*,#1627,.T.);
#2075=ORIENTED_EDGE('',*,*,#1628,.T.);
#2076=ORIENTED_EDGE('',*,*,#1613,.F.);
#2077=ORIENTED_EDGE('',*,*,#1629,.T.);
#2078=ORIENTED_EDGE('',*,*,#1630,.T.);
#2079=ORIENTED_EDGE('',*,*,#1631,.F.);
#2080=ORIENTED_EDGE('',*,*,#1632,.T.);
#2081=ORIENTED_EDGE('',*,*,#1633,.T.);
#2082=ORIENTED_EDGE('',*,*,#1634,.F.);
#2083=ORIENTED_EDGE('',*,*,#1635,.F.);
#2084=ORIENTED_EDGE('',*,*,#1636,.F.);
#2085=ORIENTED_EDGE('',*,*,#1596,.F.);
#2086=ORIENTED_EDGE('',*,*,#1637,.T.);
#2087=ORIENTED_EDGE('',*,*,#1638,.F.);
#2088=ORIENTED_EDGE('',*,*,#1634,.T.);
#2089=ORIENTED_EDGE('',*,*,#1595,.F.);
#2090=ORIENTED_EDGE('',*,*,#1639,.T.);
#2091=ORIENTED_EDGE('',*,*,#1640,.F.);
#2092=ORIENTED_EDGE('',*,*,#1641,.T.);
#2093=ORIENTED_EDGE('',*,*,#1642,.F.);
#2094=ORIENTED_EDGE('',*,*,#1643,.T.);
#2095=ORIENTED_EDGE('',*,*,#1644,.T.);
#2096=ORIENTED_EDGE('',*,*,#1645,.T.);
#2097=ORIENTED_EDGE('',*,*,#1646,.F.);
#2098=ORIENTED_EDGE('',*,*,#1637,.F.);
#2099=ORIENTED_EDGE('',*,*,#1647,.F.);
#2100=ORIENTED_EDGE('',*,*,#1648,.T.);
#2101=ORIENTED_EDGE('',*,*,#1649,.F.);
#2102=ORIENTED_EDGE('',*,*,#1650,.T.);
#2103=ORIENTED_EDGE('',*,*,#1651,.F.);
#2104=ORIENTED_EDGE('',*,*,#1652,.T.);
#2105=ORIENTED_EDGE('',*,*,#1653,.F.);
#2106=ORIENTED_EDGE('',*,*,#1654,.F.);
#2107=ORIENTED_EDGE('',*,*,#1655,.F.);
#2108=ORIENTED_EDGE('',*,*,#1656,.F.);
#2109=ORIENTED_EDGE('',*,*,#1657,.T.);
#2110=ORIENTED_EDGE('',*,*,#1658,.F.);
#2111=ORIENTED_EDGE('',*,*,#1659,.T.);
#2112=ORIENTED_EDGE('',*,*,#1660,.F.);
#2113=ORIENTED_EDGE('',*,*,#1661,.F.);
#2114=ORIENTED_EDGE('',*,*,#1652,.F.);
#2115=ORIENTED_EDGE('',*,*,#1662,.T.);
#2116=ORIENTED_EDGE('',*,*,#1663,.F.);
#2117=ORIENTED_EDGE('',*,*,#1664,.T.);
#2118=ORIENTED_EDGE('',*,*,#1665,.F.);
#2119=ORIENTED_EDGE('',*,*,#1666,.T.);
#2120=ORIENTED_EDGE('',*,*,#1617,.T.);
#2121=ORIENTED_EDGE('',*,*,#1667,.T.);
#2122=ORIENTED_EDGE('',*,*,#1668,.F.);
#2123=ORIENTED_EDGE('',*,*,#1669,.T.);
#2124=ORIENTED_EDGE('',*,*,#1670,.T.);
#2125=ORIENTED_EDGE('',*,*,#1671,.T.);
#2126=ORIENTED_EDGE('',*,*,#1672,.T.);
#2127=ORIENTED_EDGE('',*,*,#1673,.T.);
#2128=ORIENTED_EDGE('',*,*,#1665,.T.);
#2129=ORIENTED_EDGE('',*,*,#1674,.F.);
#2130=ORIENTED_EDGE('',*,*,#1675,.F.);
#2131=ORIENTED_EDGE('',*,*,#1676,.F.);
#2132=ORIENTED_EDGE('',*,*,#1670,.F.);
#2133=ORIENTED_EDGE('',*,*,#1677,.T.);
#2134=ORIENTED_EDGE('',*,*,#1678,.T.);
#2135=ORIENTED_EDGE('',*,*,#1679,.F.);
#2136=ORIENTED_EDGE('',*,*,#1680,.F.);
#2137=ORIENTED_EDGE('',*,*,#1681,.T.);
#2138=ORIENTED_EDGE('',*,*,#1675,.T.);
#2139=ORIENTED_EDGE('',*,*,#1682,.T.);
#2140=ORIENTED_EDGE('',*,*,#1683,.T.);
#2141=ORIENTED_EDGE('',*,*,#1684,.F.);
#2142=ORIENTED_EDGE('',*,*,#1685,.F.);
#2143=ORIENTED_EDGE('',*,*,#1678,.F.);
#2144=ORIENTED_EDGE('',*,*,#1686,.T.);
#2145=ORIENTED_EDGE('',*,*,#1687,.F.);
#2146=ORIENTED_EDGE('',*,*,#1688,.F.);
#2147=ORIENTED_EDGE('',*,*,#1689,.F.);
#2148=ORIENTED_EDGE('',*,*,#1684,.T.);
#2149=ORIENTED_EDGE('',*,*,#1690,.T.);
#2150=ORIENTED_EDGE('',*,*,#1639,.F.);
#2151=ORIENTED_EDGE('',*,*,#1594,.F.);
#2152=ORIENTED_EDGE('',*,*,#1691,.T.);
#2153=ORIENTED_EDGE('',*,*,#1692,.F.);
#2154=ORIENTED_EDGE('',*,*,#1688,.T.);
#2155=ORIENTED_EDGE('',*,*,#1593,.F.);
#2156=ORIENTED_EDGE('',*,*,#1693,.F.);
#2157=ORIENTED_EDGE('',*,*,#1694,.F.);
#2158=ORIENTED_EDGE('',*,*,#1691,.F.);
#2159=ORIENTED_EDGE('',*,*,#1592,.F.);
#2160=ORIENTED_EDGE('',*,*,#1695,.F.);
#2161=ORIENTED_EDGE('',*,*,#1696,.F.);
#2162=ORIENTED_EDGE('',*,*,#1693,.T.);
#2163=ORIENTED_EDGE('',*,*,#1591,.F.);
#2164=ORIENTED_EDGE('',*,*,#1697,.F.);
#2165=ORIENTED_EDGE('',*,*,#1698,.F.);
#2166=ORIENTED_EDGE('',*,*,#1695,.T.);
#2167=ORIENTED_EDGE('',*,*,#1590,.F.);
#2168=ORIENTED_EDGE('',*,*,#1581,.T.);
#2169=ORIENTED_EDGE('',*,*,#1699,.F.);
#2170=ORIENTED_EDGE('',*,*,#1700,.F.);
#2171=ORIENTED_EDGE('',*,*,#1701,.F.);
#2172=ORIENTED_EDGE('',*,*,#1697,.T.);
#2173=ORIENTED_EDGE('',*,*,#1589,.F.);
#2174=ORIENTED_EDGE('',*,*,#1702,.F.);
#2175=ORIENTED_EDGE('',*,*,#1703,.T.);
#2176=ORIENTED_EDGE('',*,*,#1704,.F.);
#2177=ORIENTED_EDGE('',*,*,#1703,.F.);
#2178=ORIENTED_EDGE('',*,*,#1705,.F.);
#2179=ORIENTED_EDGE('',*,*,#1706,.T.);
#2180=ORIENTED_EDGE('',*,*,#1600,.F.);
#2181=ORIENTED_EDGE('',*,*,#1706,.F.);
#2182=ORIENTED_EDGE('',*,*,#1707,.F.);
#2183=ORIENTED_EDGE('',*,*,#1708,.T.);
#2184=ORIENTED_EDGE('',*,*,#1601,.F.);
#2185=ORIENTED_EDGE('',*,*,#1708,.F.);
#2186=ORIENTED_EDGE('',*,*,#1709,.F.);
#2187=ORIENTED_EDGE('',*,*,#1710,.T.);
#2188=ORIENTED_EDGE('',*,*,#1711,.F.);
#2189=ORIENTED_EDGE('',*,*,#1710,.F.);
#2190=ORIENTED_EDGE('',*,*,#1712,.F.);
#2191=ORIENTED_EDGE('',*,*,#1713,.F.);
#2192=ORIENTED_EDGE('',*,*,#1641,.F.);
#2193=ORIENTED_EDGE('',*,*,#1714,.T.);
#2194=ORIENTED_EDGE('',*,*,#1715,.T.);
#2195=ORIENTED_EDGE('',*,*,#1716,.F.);
#2196=ORIENTED_EDGE('',*,*,#1717,.T.);
#2197=ORIENTED_EDGE('',*,*,#1718,.F.);
#2198=ORIENTED_EDGE('',*,*,#1719,.T.);
#2199=ORIENTED_EDGE('',*,*,#1720,.F.);
#2200=ORIENTED_EDGE('',*,*,#1721,.T.);
#2201=ORIENTED_EDGE('',*,*,#1722,.F.);
#2202=ORIENTED_EDGE('',*,*,#1717,.F.);
#2203=ORIENTED_EDGE('',*,*,#1723,.F.);
#2204=ORIENTED_EDGE('',*,*,#1715,.F.);
#2205=ORIENTED_EDGE('',*,*,#1724,.T.);
#2206=ORIENTED_EDGE('',*,*,#1725,.T.);
#2207=ORIENTED_EDGE('',*,*,#1726,.T.);
#2208=ORIENTED_EDGE('',*,*,#1712,.T.);
#2209=ORIENTED_EDGE('',*,*,#1727,.F.);
#2210=ORIENTED_EDGE('',*,*,#1728,.T.);
#2211=ORIENTED_EDGE('',*,*,#1729,.T.);
#2212=ORIENTED_EDGE('',*,*,#1730,.T.);
#2213=ORIENTED_EDGE('',*,*,#1731,.T.);
#2214=ORIENTED_EDGE('',*,*,#1732,.T.);
#2215=ORIENTED_EDGE('',*,*,#1733,.T.);
#2216=ORIENTED_EDGE('',*,*,#1734,.T.);
#2217=ORIENTED_EDGE('',*,*,#1735,.T.);
#2218=ORIENTED_EDGE('',*,*,#1736,.T.);
#2219=ORIENTED_EDGE('',*,*,#1737,.T.);
#2220=ORIENTED_EDGE('',*,*,#1738,.T.);
#2221=ORIENTED_EDGE('',*,*,#1739,.T.);
#2222=ORIENTED_EDGE('',*,*,#1729,.F.);
#2223=ORIENTED_EDGE('',*,*,#1740,.T.);
#2224=ORIENTED_EDGE('',*,*,#1741,.T.);
#2225=ORIENTED_EDGE('',*,*,#1742,.F.);
#2226=ORIENTED_EDGE('',*,*,#1743,.T.);
#2227=ORIENTED_EDGE('',*,*,#1744,.T.);
#2228=ORIENTED_EDGE('',*,*,#1740,.F.);
#2229=ORIENTED_EDGE('',*,*,#1728,.F.);
#2230=ORIENTED_EDGE('',*,*,#1745,.T.);
#2231=ORIENTED_EDGE('',*,*,#1746,.T.);
#2232=ORIENTED_EDGE('',*,*,#1743,.F.);
#2233=ORIENTED_EDGE('',*,*,#1739,.F.);
#2234=ORIENTED_EDGE('',*,*,#1747,.T.);
#2235=ORIENTED_EDGE('',*,*,#1748,.T.);
#2236=ORIENTED_EDGE('',*,*,#1745,.F.);
#2237=ORIENTED_EDGE('',*,*,#1738,.F.);
#2238=ORIENTED_EDGE('',*,*,#1749,.T.);
#2239=ORIENTED_EDGE('',*,*,#1750,.T.);
#2240=ORIENTED_EDGE('',*,*,#1747,.F.);
#2241=ORIENTED_EDGE('',*,*,#1737,.F.);
#2242=ORIENTED_EDGE('',*,*,#1751,.T.);
#2243=ORIENTED_EDGE('',*,*,#1752,.T.);
#2244=ORIENTED_EDGE('',*,*,#1749,.F.);
#2245=ORIENTED_EDGE('',*,*,#1736,.F.);
#2246=ORIENTED_EDGE('',*,*,#1753,.T.);
#2247=ORIENTED_EDGE('',*,*,#1754,.T.);
#2248=ORIENTED_EDGE('',*,*,#1751,.F.);
#2249=ORIENTED_EDGE('',*,*,#1735,.F.);
#2250=ORIENTED_EDGE('',*,*,#1755,.T.);
#2251=ORIENTED_EDGE('',*,*,#1756,.T.);
#2252=ORIENTED_EDGE('',*,*,#1753,.F.);
#2253=ORIENTED_EDGE('',*,*,#1734,.F.);
#2254=ORIENTED_EDGE('',*,*,#1757,.T.);
#2255=ORIENTED_EDGE('',*,*,#1758,.T.);
#2256=ORIENTED_EDGE('',*,*,#1755,.F.);
#2257=ORIENTED_EDGE('',*,*,#1733,.F.);
#2258=ORIENTED_EDGE('',*,*,#1759,.T.);
#2259=ORIENTED_EDGE('',*,*,#1760,.T.);
#2260=ORIENTED_EDGE('',*,*,#1757,.F.);
#2261=ORIENTED_EDGE('',*,*,#1732,.F.);
#2262=ORIENTED_EDGE('',*,*,#1761,.T.);
#2263=ORIENTED_EDGE('',*,*,#1762,.T.);
#2264=ORIENTED_EDGE('',*,*,#1759,.F.);
#2265=ORIENTED_EDGE('',*,*,#1731,.F.);
#2266=ORIENTED_EDGE('',*,*,#1742,.T.);
#2267=ORIENTED_EDGE('',*,*,#1763,.T.);
#2268=ORIENTED_EDGE('',*,*,#1761,.F.);
#2269=ORIENTED_EDGE('',*,*,#1730,.F.);
#2270=ORIENTED_EDGE('',*,*,#1764,.T.);
#2271=ORIENTED_EDGE('',*,*,#1765,.T.);
#2272=ORIENTED_EDGE('',*,*,#1766,.T.);
#2273=ORIENTED_EDGE('',*,*,#1767,.T.);
#2274=ORIENTED_EDGE('',*,*,#1765,.F.);
#2275=ORIENTED_EDGE('',*,*,#1768,.T.);
#2276=ORIENTED_EDGE('',*,*,#1769,.T.);
#2277=ORIENTED_EDGE('',*,*,#1770,.F.);
#2278=ORIENTED_EDGE('',*,*,#1771,.T.);
#2279=ORIENTED_EDGE('',*,*,#1772,.T.);
#2280=ORIENTED_EDGE('',*,*,#1768,.F.);
#2281=ORIENTED_EDGE('',*,*,#1764,.F.);
#2282=ORIENTED_EDGE('',*,*,#1773,.T.);
#2283=ORIENTED_EDGE('',*,*,#1774,.T.);
#2284=ORIENTED_EDGE('',*,*,#1771,.F.);
#2285=ORIENTED_EDGE('',*,*,#1767,.F.);
#2286=ORIENTED_EDGE('',*,*,#1770,.T.);
#2287=ORIENTED_EDGE('',*,*,#1775,.T.);
#2288=ORIENTED_EDGE('',*,*,#1773,.F.);
#2289=ORIENTED_EDGE('',*,*,#1766,.F.);
#2290=ORIENTED_EDGE('',*,*,#1776,.F.);
#2291=ORIENTED_EDGE('',*,*,#1671,.F.);
#2292=ORIENTED_EDGE('',*,*,#1676,.T.);
#2293=ORIENTED_EDGE('',*,*,#1681,.F.);
#2294=ORIENTED_EDGE('',*,*,#1777,.T.);
#2295=ORIENTED_EDGE('',*,*,#1620,.T.);
#2296=ORIENTED_EDGE('',*,*,#1778,.F.);
#2297=ORIENTED_EDGE('',*,*,#1779,.F.);
#2298=ORIENTED_EDGE('',*,*,#1621,.T.);
#2299=ORIENTED_EDGE('',*,*,#1777,.F.);
#2300=ORIENTED_EDGE('',*,*,#1780,.F.);
#2301=ORIENTED_EDGE('',*,*,#1781,.T.);
#2302=ORIENTED_EDGE('',*,*,#1782,.F.);
#2303=ORIENTED_EDGE('',*,*,#1783,.F.);
#2304=ORIENTED_EDGE('',*,*,#1784,.F.);
#2305=ORIENTED_EDGE('',*,*,#1785,.F.);
#2306=ORIENTED_EDGE('',*,*,#1786,.F.);
#2307=ORIENTED_EDGE('',*,*,#1787,.F.);
#2308=ORIENTED_EDGE('',*,*,#1786,.T.);
#2309=ORIENTED_EDGE('',*,*,#1788,.T.);
#2310=ORIENTED_EDGE('',*,*,#1789,.T.);
#2311=ORIENTED_EDGE('',*,*,#1790,.F.);
#2312=ORIENTED_EDGE('',*,*,#1791,.T.);
#2313=ORIENTED_EDGE('',*,*,#1788,.F.);
#2314=ORIENTED_EDGE('',*,*,#1785,.T.);
#2315=ORIENTED_EDGE('',*,*,#1792,.T.);
#2316=ORIENTED_EDGE('',*,*,#1609,.T.);
#2317=ORIENTED_EDGE('',*,*,#1793,.T.);
#2318=ORIENTED_EDGE('',*,*,#1794,.F.);
#2319=ORIENTED_EDGE('',*,*,#1795,.F.);
#2320=ORIENTED_EDGE('',*,*,#1610,.T.);
#2321=ORIENTED_EDGE('',*,*,#1795,.T.);
#2322=ORIENTED_EDGE('',*,*,#1796,.F.);
#2323=ORIENTED_EDGE('',*,*,#1797,.F.);
#2324=ORIENTED_EDGE('',*,*,#1796,.T.);
#2325=ORIENTED_EDGE('',*,*,#1794,.T.);
#2326=ORIENTED_EDGE('',*,*,#1798,.T.);
#2327=ORIENTED_EDGE('',*,*,#1799,.T.);
#2328=ORIENTED_EDGE('',*,*,#1800,.T.);
#2329=ORIENTED_EDGE('',*,*,#1801,.T.);
#2330=ORIENTED_EDGE('',*,*,#1802,.F.);
#2331=ORIENTED_EDGE('',*,*,#1803,.F.);
#2332=ORIENTED_EDGE('',*,*,#1804,.F.);
#2333=ORIENTED_EDGE('',*,*,#1805,.T.);
#2334=ORIENTED_EDGE('',*,*,#1806,.T.);
#2335=ORIENTED_EDGE('',*,*,#1804,.T.);
#2336=ORIENTED_EDGE('',*,*,#1807,.T.);
#2337=ORIENTED_EDGE('',*,*,#1644,.F.);
#2338=ORIENTED_EDGE('',*,*,#1808,.F.);
#2339=ORIENTED_EDGE('',*,*,#1805,.F.);
#2340=ORIENTED_EDGE('',*,*,#1806,.F.);
#2341=ORIENTED_EDGE('',*,*,#1643,.F.);
#2342=ORIENTED_EDGE('',*,*,#1807,.F.);
#2343=ORIENTED_EDGE('',*,*,#1803,.T.);
#2344=ORIENTED_EDGE('',*,*,#1809,.F.);
#2345=ORIENTED_EDGE('',*,*,#1645,.F.);
#2346=ORIENTED_EDGE('',*,*,#1810,.F.);
#2347=ORIENTED_EDGE('',*,*,#1811,.F.);
#2348=ORIENTED_EDGE('',*,*,#1812,.F.);
#2349=ORIENTED_EDGE('',*,*,#1813,.T.);
#2350=ORIENTED_EDGE('',*,*,#1814,.T.);
#2351=ORIENTED_EDGE('',*,*,#1812,.T.);
#2352=ORIENTED_EDGE('',*,*,#1815,.T.);
#2353=ORIENTED_EDGE('',*,*,#1626,.F.);
#2354=ORIENTED_EDGE('',*,*,#1815,.F.);
#2355=ORIENTED_EDGE('',*,*,#1811,.T.);
#2356=ORIENTED_EDGE('',*,*,#1816,.F.);
#2357=ORIENTED_EDGE('',*,*,#1627,.F.);
#2358=ORIENTED_EDGE('',*,*,#1817,.F.);
#2359=ORIENTED_EDGE('',*,*,#1813,.F.);
#2360=ORIENTED_EDGE('',*,*,#1814,.F.);
#2361=ORIENTED_EDGE('',*,*,#1625,.F.);
#2362=ORIENTED_EDGE('',*,*,#1818,.F.);
#2363=ORIENTED_EDGE('',*,*,#1798,.F.);
#2364=ORIENTED_EDGE('',*,*,#1793,.F.);
#2365=ORIENTED_EDGE('',*,*,#1608,.T.);
#2366=ORIENTED_EDGE('',*,*,#1819,.F.);
#2367=ORIENTED_EDGE('',*,*,#1820,.F.);
#2368=ORIENTED_EDGE('',*,*,#1792,.F.);
#2369=ORIENTED_EDGE('',*,*,#1784,.T.);
#2370=ORIENTED_EDGE('',*,*,#1821,.F.);
#2371=ORIENTED_EDGE('',*,*,#1778,.T.);
#2372=ORIENTED_EDGE('',*,*,#1619,.T.);
#2373=ORIENTED_EDGE('',*,*,#1822,.F.);
#2374=ORIENTED_EDGE('',*,*,#1672,.F.);
#2375=ORIENTED_EDGE('',*,*,#1776,.T.);
#2376=ORIENTED_EDGE('',*,*,#1680,.T.);
#2377=ORIENTED_EDGE('',*,*,#1823,.F.);
#2378=ORIENTED_EDGE('',*,*,#1824,.T.);
#2379=ORIENTED_EDGE('',*,*,#1825,.F.);
#2380=ORIENTED_EDGE('',*,*,#1826,.F.);
#2381=ORIENTED_EDGE('',*,*,#1654,.T.);
#2382=ORIENTED_EDGE('',*,*,#1826,.T.);
#2383=ORIENTED_EDGE('',*,*,#1827,.F.);
#2384=ORIENTED_EDGE('',*,*,#1828,.F.);
#2385=ORIENTED_EDGE('',*,*,#1829,.F.);
#2386=ORIENTED_EDGE('',*,*,#1830,.T.);
#2387=ORIENTED_EDGE('',*,*,#1831,.F.);
#2388=ORIENTED_EDGE('',*,*,#1824,.F.);
#2389=ORIENTED_EDGE('',*,*,#1832,.F.);
#2390=ORIENTED_EDGE('',*,*,#1828,.T.);
#2391=ORIENTED_EDGE('',*,*,#1833,.F.);
#2392=ORIENTED_EDGE('',*,*,#1830,.F.);
#2393=ORIENTED_EDGE('',*,*,#1834,.F.);
#2394=ORIENTED_EDGE('',*,*,#1655,.T.);
#2395=ORIENTED_EDGE('',*,*,#1829,.T.);
#2396=ORIENTED_EDGE('',*,*,#1835,.F.);
#2397=ORIENTED_EDGE('',*,*,#1836,.F.);
#2398=ORIENTED_EDGE('',*,*,#1780,.T.);
#2399=ORIENTED_EDGE('',*,*,#1779,.T.);
#2400=ORIENTED_EDGE('',*,*,#1821,.T.);
#2401=ORIENTED_EDGE('',*,*,#1837,.F.);
#2402=ORIENTED_EDGE('',*,*,#1838,.T.);
#2403=ORIENTED_EDGE('',*,*,#1839,.T.);
#2404=ORIENTED_EDGE('',*,*,#1840,.F.);
#2405=ORIENTED_EDGE('',*,*,#1841,.T.);
#2406=ORIENTED_EDGE('',*,*,#1842,.F.);
#2407=ORIENTED_EDGE('',*,*,#1721,.F.);
#2408=ORIENTED_EDGE('',*,*,#1843,.T.);
#2409=ORIENTED_EDGE('',*,*,#1844,.T.);
#2410=ORIENTED_EDGE('',*,*,#1845,.F.);
#2411=ORIENTED_EDGE('',*,*,#1832,.T.);
#2412=ORIENTED_EDGE('',*,*,#1653,.T.);
#2413=ORIENTED_EDGE('',*,*,#1661,.T.);
#2414=ORIENTED_EDGE('',*,*,#1666,.F.);
#2415=ORIENTED_EDGE('',*,*,#1673,.F.);
#2416=ORIENTED_EDGE('',*,*,#1822,.T.);
#2417=ORIENTED_EDGE('',*,*,#1618,.T.);
#2418=ORIENTED_EDGE('',*,*,#1838,.F.);
#2419=ORIENTED_EDGE('',*,*,#1846,.F.);
#2420=ORIENTED_EDGE('',*,*,#1623,.F.);
#2421=ORIENTED_EDGE('',*,*,#1847,.F.);
#2422=ORIENTED_EDGE('',*,*,#1848,.T.);
#2423=ORIENTED_EDGE('',*,*,#1849,.T.);
#2424=ORIENTED_EDGE('',*,*,#1799,.F.);
#2425=ORIENTED_EDGE('',*,*,#1818,.T.);
#2426=ORIENTED_EDGE('',*,*,#1783,.T.);
#2427=ORIENTED_EDGE('',*,*,#1800,.F.);
#2428=ORIENTED_EDGE('',*,*,#1849,.F.);
#2429=ORIENTED_EDGE('',*,*,#1782,.T.);
#2430=ORIENTED_EDGE('',*,*,#1850,.F.);
#2431=ORIENTED_EDGE('',*,*,#1851,.T.);
#2432=ORIENTED_EDGE('',*,*,#1852,.T.);
#2433=ORIENTED_EDGE('',*,*,#1656,.T.);
#2434=ORIENTED_EDGE('',*,*,#1836,.T.);
#2435=ORIENTED_EDGE('',*,*,#1853,.T.);
#2436=ORIENTED_EDGE('',*,*,#1854,.T.);
#2437=ORIENTED_EDGE('',*,*,#1855,.T.);
#2438=ORIENTED_EDGE('',*,*,#1856,.F.);
#2439=ORIENTED_EDGE('',*,*,#1789,.F.);
#2440=ORIENTED_EDGE('',*,*,#1791,.F.);
#2441=ORIENTED_EDGE('',*,*,#1820,.T.);
#2442=ORIENTED_EDGE('',*,*,#1857,.F.);
#2443=ORIENTED_EDGE('',*,*,#1841,.F.);
#2444=ORIENTED_EDGE('',*,*,#1858,.T.);
#2445=ORIENTED_EDGE('',*,*,#1859,.T.);
#2446=ORIENTED_EDGE('',*,*,#1853,.F.);
#2447=ORIENTED_EDGE('',*,*,#1835,.T.);
#2448=ORIENTED_EDGE('',*,*,#1834,.T.);
#2449=ORIENTED_EDGE('',*,*,#1845,.T.);
#2450=ORIENTED_EDGE('',*,*,#1660,.T.);
#2451=ORIENTED_EDGE('',*,*,#1860,.T.);
#2452=ORIENTED_EDGE('',*,*,#1861,.F.);
#2453=ORIENTED_EDGE('',*,*,#1862,.T.);
#2454=ORIENTED_EDGE('',*,*,#1762,.F.);
#2455=ORIENTED_EDGE('',*,*,#1763,.F.);
#2456=ORIENTED_EDGE('',*,*,#1741,.F.);
#2457=ORIENTED_EDGE('',*,*,#1744,.F.);
#2458=ORIENTED_EDGE('',*,*,#1746,.F.);
#2459=ORIENTED_EDGE('',*,*,#1748,.F.);
#2460=ORIENTED_EDGE('',*,*,#1750,.F.);
#2461=ORIENTED_EDGE('',*,*,#1752,.F.);
#2462=ORIENTED_EDGE('',*,*,#1754,.F.);
#2463=ORIENTED_EDGE('',*,*,#1756,.F.);
#2464=ORIENTED_EDGE('',*,*,#1758,.F.);
#2465=ORIENTED_EDGE('',*,*,#1760,.F.);
#2466=ORIENTED_EDGE('',*,*,#1774,.F.);
#2467=ORIENTED_EDGE('',*,*,#1775,.F.);
#2468=ORIENTED_EDGE('',*,*,#1769,.F.);
#2469=ORIENTED_EDGE('',*,*,#1772,.F.);
#2470=ORIENTED_EDGE('',*,*,#1642,.T.);
#2471=ORIENTED_EDGE('',*,*,#1713,.T.);
#2472=ORIENTED_EDGE('',*,*,#1726,.F.);
#2473=ORIENTED_EDGE('',*,*,#1863,.T.);
#2474=ORIENTED_EDGE('',*,*,#1635,.T.);
#2475=ORIENTED_EDGE('',*,*,#1638,.T.);
#2476=ORIENTED_EDGE('',*,*,#1646,.T.);
#2477=ORIENTED_EDGE('',*,*,#1809,.T.);
#2478=ORIENTED_EDGE('',*,*,#1802,.T.);
#2479=ORIENTED_EDGE('',*,*,#1808,.T.);
#2480=ORIENTED_EDGE('',*,*,#1702,.T.);
#2481=ORIENTED_EDGE('',*,*,#1825,.T.);
#2482=ORIENTED_EDGE('',*,*,#1831,.T.);
#2483=ORIENTED_EDGE('',*,*,#1833,.T.);
#2484=ORIENTED_EDGE('',*,*,#1827,.T.);
#2485=ORIENTED_EDGE('',*,*,#1576,.T.);
#2486=ORIENTED_EDGE('',*,*,#1597,.F.);
#2487=ORIENTED_EDGE('',*,*,#1636,.T.);
#2488=ORIENTED_EDGE('',*,*,#1863,.F.);
#2489=ORIENTED_EDGE('',*,*,#1725,.F.);
#2490=ORIENTED_EDGE('',*,*,#1864,.F.);
#2491=ORIENTED_EDGE('',*,*,#1705,.T.);
#2492=ORIENTED_EDGE('',*,*,#1718,.T.);
#2493=ORIENTED_EDGE('',*,*,#1722,.T.);
#2494=ORIENTED_EDGE('',*,*,#1842,.T.);
#2495=ORIENTED_EDGE('',*,*,#1857,.T.);
#2496=ORIENTED_EDGE('',*,*,#1819,.T.);
#2497=ORIENTED_EDGE('',*,*,#1607,.T.);
#2498=ORIENTED_EDGE('',*,*,#1614,.T.);
#2499=ORIENTED_EDGE('',*,*,#1628,.F.);
#2500=ORIENTED_EDGE('',*,*,#1816,.T.);
#2501=ORIENTED_EDGE('',*,*,#1810,.T.);
#2502=ORIENTED_EDGE('',*,*,#1817,.T.);
#2503=ORIENTED_EDGE('',*,*,#1624,.F.);
#2504=ORIENTED_EDGE('',*,*,#1846,.T.);
#2505=ORIENTED_EDGE('',*,*,#1837,.T.);
#2506=ORIENTED_EDGE('',*,*,#1823,.T.);
#2507=ORIENTED_EDGE('',*,*,#1679,.T.);
#2508=ORIENTED_EDGE('',*,*,#1685,.T.);
#2509=ORIENTED_EDGE('',*,*,#1689,.T.);
#2510=ORIENTED_EDGE('',*,*,#1692,.T.);
#2511=ORIENTED_EDGE('',*,*,#1694,.T.);
#2512=ORIENTED_EDGE('',*,*,#1696,.T.);
#2513=ORIENTED_EDGE('',*,*,#1698,.T.);
#2514=ORIENTED_EDGE('',*,*,#1701,.T.);
#2515=ORIENTED_EDGE('',*,*,#1865,.F.);
#2516=ORIENTED_EDGE('',*,*,#1866,.T.);
#2517=ORIENTED_EDGE('',*,*,#1867,.T.);
#2518=ORIENTED_EDGE('',*,*,#1707,.T.);
#2519=ORIENTED_EDGE('',*,*,#1709,.T.);
#2520=ORIENTED_EDGE('',*,*,#1719,.F.);
#2521=ORIENTED_EDGE('',*,*,#1867,.F.);
#2522=ORIENTED_EDGE('',*,*,#1868,.F.);
#2523=ORIENTED_EDGE('',*,*,#1869,.F.);
#2524=ORIENTED_EDGE('',*,*,#1868,.T.);
#2525=ORIENTED_EDGE('',*,*,#1866,.F.);
#2526=ORIENTED_EDGE('',*,*,#1870,.T.);
#2527=ORIENTED_EDGE('',*,*,#1871,.F.);
#2528=ORIENTED_EDGE('',*,*,#1870,.F.);
#2529=ORIENTED_EDGE('',*,*,#1865,.T.);
#2530=ORIENTED_EDGE('',*,*,#1700,.T.);
#2531=ORIENTED_EDGE('',*,*,#1872,.F.);
#2532=ORIENTED_EDGE('',*,*,#1605,.F.);
#2533=ORIENTED_EDGE('',*,*,#1873,.F.);
#2534=ORIENTED_EDGE('',*,*,#1585,.F.);
#2535=ORIENTED_EDGE('',*,*,#1599,.F.);
#2536=ORIENTED_EDGE('',*,*,#1874,.T.);
#2537=ORIENTED_EDGE('',*,*,#1649,.T.);
#2538=ORIENTED_EDGE('',*,*,#1875,.T.);
#2539=ORIENTED_EDGE('',*,*,#1658,.T.);
#2540=ORIENTED_EDGE('',*,*,#1787,.T.);
#2541=ORIENTED_EDGE('',*,*,#1790,.T.);
#2542=ORIENTED_EDGE('',*,*,#1859,.F.);
#2543=ORIENTED_EDGE('',*,*,#1876,.T.);
#2544=ORIENTED_EDGE('',*,*,#1877,.T.);
#2545=ORIENTED_EDGE('',*,*,#1850,.T.);
#2546=ORIENTED_EDGE('',*,*,#1640,.T.);
#2547=ORIENTED_EDGE('',*,*,#1690,.F.);
#2548=ORIENTED_EDGE('',*,*,#1687,.T.);
#2549=ORIENTED_EDGE('',*,*,#1878,.T.);
#2550=ORIENTED_EDGE('',*,*,#1879,.F.);
#2551=ORIENTED_EDGE('',*,*,#1663,.T.);
#2552=ORIENTED_EDGE('',*,*,#1880,.T.);
#2553=ORIENTED_EDGE('',*,*,#1647,.T.);
#2554=ORIENTED_EDGE('',*,*,#1677,.F.);
#2555=ORIENTED_EDGE('',*,*,#1674,.T.);
#2556=ORIENTED_EDGE('',*,*,#1664,.F.);
#2557=ORIENTED_EDGE('',*,*,#1879,.T.);
#2558=ORIENTED_EDGE('',*,*,#1881,.T.);
#2559=ORIENTED_EDGE('',*,*,#1682,.F.);
#2560=ORIENTED_EDGE('',*,*,#1880,.F.);
#2561=ORIENTED_EDGE('',*,*,#1662,.F.);
#2562=ORIENTED_EDGE('',*,*,#1659,.F.);
#2563=ORIENTED_EDGE('',*,*,#1875,.F.);
#2564=ORIENTED_EDGE('',*,*,#1648,.F.);
#2565=ORIENTED_EDGE('',*,*,#1650,.F.);
#2566=ORIENTED_EDGE('',*,*,#1874,.F.);
#2567=ORIENTED_EDGE('',*,*,#1657,.F.);
#2568=ORIENTED_EDGE('',*,*,#1852,.F.);
#2569=ORIENTED_EDGE('',*,*,#1882,.F.);
#2570=ORIENTED_EDGE('',*,*,#1858,.F.);
#2571=ORIENTED_EDGE('',*,*,#1844,.F.);
#2572=ORIENTED_EDGE('',*,*,#1883,.F.);
#2573=ORIENTED_EDGE('',*,*,#1876,.F.);
#2574=ORIENTED_EDGE('',*,*,#1683,.F.);
#2575=ORIENTED_EDGE('',*,*,#1881,.F.);
#2576=ORIENTED_EDGE('',*,*,#1878,.F.);
#2577=ORIENTED_EDGE('',*,*,#1686,.F.);
#2578=ORIENTED_EDGE('',*,*,#1580,.T.);
#2579=ORIENTED_EDGE('',*,*,#1588,.T.);
#2580=ORIENTED_EDGE('',*,*,#1884,.T.);
#2581=ORIENTED_EDGE('',*,*,#1602,.T.);
#2582=ORIENTED_EDGE('',*,*,#1577,.T.);
#2583=ORIENTED_EDGE('',*,*,#1864,.T.);
#2584=ORIENTED_EDGE('',*,*,#1727,.T.);
#2585=ORIENTED_EDGE('',*,*,#1716,.T.);
#2586=ORIENTED_EDGE('',*,*,#1723,.T.);
#2587=ORIENTED_EDGE('',*,*,#1720,.T.);
#2588=ORIENTED_EDGE('',*,*,#1869,.T.);
#2589=ORIENTED_EDGE('',*,*,#1871,.T.);
#2590=ORIENTED_EDGE('',*,*,#1872,.T.);
#2591=ORIENTED_EDGE('',*,*,#1699,.T.);
#2592=ORIENTED_EDGE('',*,*,#1711,.T.);
#2593=ORIENTED_EDGE('',*,*,#1704,.T.);
#2594=ORIENTED_EDGE('',*,*,#1714,.F.);
#2595=ORIENTED_EDGE('',*,*,#1651,.T.);
#2596=ORIENTED_EDGE('',*,*,#1882,.T.);
#2597=ORIENTED_EDGE('',*,*,#1851,.F.);
#2598=ORIENTED_EDGE('',*,*,#1877,.F.);
#2599=ORIENTED_EDGE('',*,*,#1883,.T.);
#2600=ORIENTED_EDGE('',*,*,#1843,.F.);
#2601=ORIENTED_EDGE('',*,*,#1724,.F.);
#2602=ORIENTED_EDGE('',*,*,#1885,.F.);
#2603=ORIENTED_EDGE('',*,*,#1615,.F.);
#2604=ORIENTED_EDGE('',*,*,#1612,.F.);
#2605=ORIENTED_EDGE('',*,*,#1886,.F.);
#2606=ORIENTED_EDGE('',*,*,#1862,.F.);
#2607=ORIENTED_EDGE('',*,*,#1887,.F.);
#2608=ORIENTED_EDGE('',*,*,#1630,.F.);
#2609=ORIENTED_EDGE('',*,*,#1888,.F.);
#2610=ORIENTED_EDGE('',*,*,#1854,.F.);
#2611=ORIENTED_EDGE('',*,*,#1616,.F.);
#2612=ORIENTED_EDGE('',*,*,#1885,.T.);
#2613=ORIENTED_EDGE('',*,*,#1889,.T.);
#2614=ORIENTED_EDGE('',*,*,#1855,.F.);
#2615=ORIENTED_EDGE('',*,*,#1888,.T.);
#2616=ORIENTED_EDGE('',*,*,#1629,.F.);
#2617=ORIENTED_EDGE('',*,*,#1611,.T.);
#2618=ORIENTED_EDGE('',*,*,#1797,.T.);
#2619=ORIENTED_EDGE('',*,*,#1801,.F.);
#2620=ORIENTED_EDGE('',*,*,#1856,.T.);
#2621=ORIENTED_EDGE('',*,*,#1889,.F.);
#2622=ORIENTED_EDGE('',*,*,#1886,.T.);
#2623=ORIENTED_EDGE('',*,*,#1890,.T.);
#2624=ORIENTED_EDGE('',*,*,#1631,.T.);
#2625=ORIENTED_EDGE('',*,*,#1887,.T.);
#2626=ORIENTED_EDGE('',*,*,#1861,.T.);
#2627=ORIENTED_EDGE('',*,*,#1781,.F.);
#2628=ORIENTED_EDGE('',*,*,#1840,.T.);
#2629=ORIENTED_EDGE('',*,*,#1891,.T.);
#2630=ORIENTED_EDGE('',*,*,#1892,.F.);
#2631=ORIENTED_EDGE('',*,*,#1667,.F.);
#2632=ORIENTED_EDGE('',*,*,#1622,.F.);
#2633=ORIENTED_EDGE('',*,*,#1892,.T.);
#2634=ORIENTED_EDGE('',*,*,#1893,.T.);
#2635=ORIENTED_EDGE('',*,*,#1847,.T.);
#2636=ORIENTED_EDGE('',*,*,#1633,.F.);
#2637=ORIENTED_EDGE('',*,*,#1894,.T.);
#2638=ORIENTED_EDGE('',*,*,#1668,.T.);
#2639=ORIENTED_EDGE('',*,*,#1860,.F.);
#2640=ORIENTED_EDGE('',*,*,#1669,.F.);
#2641=ORIENTED_EDGE('',*,*,#1894,.F.);
#2642=ORIENTED_EDGE('',*,*,#1632,.F.);
#2643=ORIENTED_EDGE('',*,*,#1890,.F.);
#2644=ORIENTED_EDGE('',*,*,#1893,.F.);
#2645=ORIENTED_EDGE('',*,*,#1891,.F.);
#2646=ORIENTED_EDGE('',*,*,#1839,.F.);
#2647=ORIENTED_EDGE('',*,*,#1848,.F.);
#2648=ORIENTED_EDGE('',*,*,#1603,.F.);
#2649=ORIENTED_EDGE('',*,*,#1884,.F.);
#2650=ORIENTED_EDGE('',*,*,#1587,.F.);
#2651=ORIENTED_EDGE('',*,*,#1895,.F.);
#2652=ORIENTED_EDGE('',*,*,#1604,.F.);
#2653=ORIENTED_EDGE('',*,*,#1895,.T.);
#2654=ORIENTED_EDGE('',*,*,#1586,.F.);
#2655=ORIENTED_EDGE('',*,*,#1873,.T.);
#2656=ORIENTED_EDGE('',*,*,#1896,.F.);
#2657=ORIENTED_EDGE('',*,*,#1897,.T.);
#2658=ORIENTED_EDGE('',*,*,#1898,.F.);
#2659=ORIENTED_EDGE('',*,*,#1899,.F.);
#2660=ORIENTED_EDGE('',*,*,#1900,.F.);
#2661=ORIENTED_EDGE('',*,*,#1899,.T.);
#2662=ORIENTED_EDGE('',*,*,#1901,.F.);
#2663=ORIENTED_EDGE('',*,*,#1902,.F.);
#2664=ORIENTED_EDGE('',*,*,#1903,.F.);
#2665=ORIENTED_EDGE('',*,*,#1902,.T.);
#2666=ORIENTED_EDGE('',*,*,#1904,.F.);
#2667=ORIENTED_EDGE('',*,*,#1905,.F.);
#2668=ORIENTED_EDGE('',*,*,#1906,.F.);
#2669=ORIENTED_EDGE('',*,*,#1905,.T.);
#2670=ORIENTED_EDGE('',*,*,#1907,.F.);
#2671=ORIENTED_EDGE('',*,*,#1908,.F.);
#2672=ORIENTED_EDGE('',*,*,#1909,.F.);
#2673=ORIENTED_EDGE('',*,*,#1908,.T.);
#2674=ORIENTED_EDGE('',*,*,#1910,.F.);
#2675=ORIENTED_EDGE('',*,*,#1911,.F.);
#2676=ORIENTED_EDGE('',*,*,#1912,.F.);
#2677=ORIENTED_EDGE('',*,*,#1911,.T.);
#2678=ORIENTED_EDGE('',*,*,#1913,.F.);
#2679=ORIENTED_EDGE('',*,*,#1914,.F.);
#2680=ORIENTED_EDGE('',*,*,#1915,.F.);
#2681=ORIENTED_EDGE('',*,*,#1914,.T.);
#2682=ORIENTED_EDGE('',*,*,#1916,.F.);
#2683=ORIENTED_EDGE('',*,*,#1917,.F.);
#2684=ORIENTED_EDGE('',*,*,#1918,.F.);
#2685=ORIENTED_EDGE('',*,*,#1917,.T.);
#2686=ORIENTED_EDGE('',*,*,#1919,.F.);
#2687=ORIENTED_EDGE('',*,*,#1920,.F.);
#2688=ORIENTED_EDGE('',*,*,#1921,.F.);
#2689=ORIENTED_EDGE('',*,*,#1920,.T.);
#2690=ORIENTED_EDGE('',*,*,#1922,.F.);
#2691=ORIENTED_EDGE('',*,*,#1923,.F.);
#2692=ORIENTED_EDGE('',*,*,#1924,.F.);
#2693=ORIENTED_EDGE('',*,*,#1923,.T.);
#2694=ORIENTED_EDGE('',*,*,#1925,.F.);
#2695=ORIENTED_EDGE('',*,*,#1926,.F.);
#2696=ORIENTED_EDGE('',*,*,#1927,.F.);
#2697=ORIENTED_EDGE('',*,*,#1926,.T.);
#2698=ORIENTED_EDGE('',*,*,#1928,.F.);
#2699=ORIENTED_EDGE('',*,*,#1929,.F.);
#2700=ORIENTED_EDGE('',*,*,#1930,.F.);
#2701=ORIENTED_EDGE('',*,*,#1929,.T.);
#2702=ORIENTED_EDGE('',*,*,#1931,.F.);
#2703=ORIENTED_EDGE('',*,*,#1932,.F.);
#2704=ORIENTED_EDGE('',*,*,#1933,.F.);
#2705=ORIENTED_EDGE('',*,*,#1932,.T.);
#2706=ORIENTED_EDGE('',*,*,#1934,.F.);
#2707=ORIENTED_EDGE('',*,*,#1935,.F.);
#2708=ORIENTED_EDGE('',*,*,#1936,.F.);
#2709=ORIENTED_EDGE('',*,*,#1935,.T.);
#2710=ORIENTED_EDGE('',*,*,#1937,.F.);
#2711=ORIENTED_EDGE('',*,*,#1938,.F.);
#2712=ORIENTED_EDGE('',*,*,#1939,.F.);
#2713=ORIENTED_EDGE('',*,*,#1938,.T.);
#2714=ORIENTED_EDGE('',*,*,#1940,.F.);
#2715=ORIENTED_EDGE('',*,*,#1941,.F.);
#2716=ORIENTED_EDGE('',*,*,#1942,.F.);
#2717=ORIENTED_EDGE('',*,*,#1941,.T.);
#2718=ORIENTED_EDGE('',*,*,#1943,.F.);
#2719=ORIENTED_EDGE('',*,*,#1897,.F.);
#2720=ORIENTED_EDGE('',*,*,#1944,.F.);
#2721=ORIENTED_EDGE('',*,*,#1945,.T.);
#2722=ORIENTED_EDGE('',*,*,#1946,.F.);
#2723=ORIENTED_EDGE('',*,*,#1947,.F.);
#2724=ORIENTED_EDGE('',*,*,#1948,.F.);
#2725=ORIENTED_EDGE('',*,*,#1947,.T.);
#2726=ORIENTED_EDGE('',*,*,#1949,.F.);
#2727=ORIENTED_EDGE('',*,*,#1950,.F.);
#2728=ORIENTED_EDGE('',*,*,#1951,.F.);
#2729=ORIENTED_EDGE('',*,*,#1950,.T.);
#2730=ORIENTED_EDGE('',*,*,#1952,.F.);
#2731=ORIENTED_EDGE('',*,*,#1953,.F.);
#2732=ORIENTED_EDGE('',*,*,#1954,.F.);
#2733=ORIENTED_EDGE('',*,*,#1953,.T.);
#2734=ORIENTED_EDGE('',*,*,#1955,.F.);
#2735=ORIENTED_EDGE('',*,*,#1956,.F.);
#2736=ORIENTED_EDGE('',*,*,#1957,.F.);
#2737=ORIENTED_EDGE('',*,*,#1956,.T.);
#2738=ORIENTED_EDGE('',*,*,#1958,.F.);
#2739=ORIENTED_EDGE('',*,*,#1959,.F.);
#2740=ORIENTED_EDGE('',*,*,#1960,.F.);
#2741=ORIENTED_EDGE('',*,*,#1959,.T.);
#2742=ORIENTED_EDGE('',*,*,#1961,.F.);
#2743=ORIENTED_EDGE('',*,*,#1962,.F.);
#2744=ORIENTED_EDGE('',*,*,#1963,.F.);
#2745=ORIENTED_EDGE('',*,*,#1962,.T.);
#2746=ORIENTED_EDGE('',*,*,#1964,.F.);
#2747=ORIENTED_EDGE('',*,*,#1965,.F.);
#2748=ORIENTED_EDGE('',*,*,#1966,.F.);
#2749=ORIENTED_EDGE('',*,*,#1965,.T.);
#2750=ORIENTED_EDGE('',*,*,#1967,.F.);
#2751=ORIENTED_EDGE('',*,*,#1968,.F.);
#2752=ORIENTED_EDGE('',*,*,#1969,.F.);
#2753=ORIENTED_EDGE('',*,*,#1968,.T.);
#2754=ORIENTED_EDGE('',*,*,#1970,.F.);
#2755=ORIENTED_EDGE('',*,*,#1971,.F.);
#2756=ORIENTED_EDGE('',*,*,#1972,.F.);
#2757=ORIENTED_EDGE('',*,*,#1971,.T.);
#2758=ORIENTED_EDGE('',*,*,#1973,.F.);
#2759=ORIENTED_EDGE('',*,*,#1974,.F.);
#2760=ORIENTED_EDGE('',*,*,#1975,.F.);
#2761=ORIENTED_EDGE('',*,*,#1974,.T.);
#2762=ORIENTED_EDGE('',*,*,#1976,.F.);
#2763=ORIENTED_EDGE('',*,*,#1977,.F.);
#2764=ORIENTED_EDGE('',*,*,#1978,.F.);
#2765=ORIENTED_EDGE('',*,*,#1977,.T.);
#2766=ORIENTED_EDGE('',*,*,#1979,.F.);
#2767=ORIENTED_EDGE('',*,*,#1980,.F.);
#2768=ORIENTED_EDGE('',*,*,#1981,.F.);
#2769=ORIENTED_EDGE('',*,*,#1980,.T.);
#2770=ORIENTED_EDGE('',*,*,#1982,.F.);
#2771=ORIENTED_EDGE('',*,*,#1983,.F.);
#2772=ORIENTED_EDGE('',*,*,#1984,.F.);
#2773=ORIENTED_EDGE('',*,*,#1983,.T.);
#2774=ORIENTED_EDGE('',*,*,#1985,.F.);
#2775=ORIENTED_EDGE('',*,*,#1986,.F.);
#2776=ORIENTED_EDGE('',*,*,#1987,.F.);
#2777=ORIENTED_EDGE('',*,*,#1986,.T.);
#2778=ORIENTED_EDGE('',*,*,#1988,.F.);
#2779=ORIENTED_EDGE('',*,*,#1989,.F.);
#2780=ORIENTED_EDGE('',*,*,#1990,.F.);
#2781=ORIENTED_EDGE('',*,*,#1989,.T.);
#2782=ORIENTED_EDGE('',*,*,#1991,.F.);
#2783=ORIENTED_EDGE('',*,*,#1945,.F.);
#2784=ORIENTED_EDGE('',*,*,#1991,.T.);
#2785=ORIENTED_EDGE('',*,*,#1988,.T.);
#2786=ORIENTED_EDGE('',*,*,#1985,.T.);
#2787=ORIENTED_EDGE('',*,*,#1982,.T.);
#2788=ORIENTED_EDGE('',*,*,#1979,.T.);
#2789=ORIENTED_EDGE('',*,*,#1976,.T.);
#2790=ORIENTED_EDGE('',*,*,#1973,.T.);
#2791=ORIENTED_EDGE('',*,*,#1970,.T.);
#2792=ORIENTED_EDGE('',*,*,#1967,.T.);
#2793=ORIENTED_EDGE('',*,*,#1964,.T.);
#2794=ORIENTED_EDGE('',*,*,#1961,.T.);
#2795=ORIENTED_EDGE('',*,*,#1958,.T.);
#2796=ORIENTED_EDGE('',*,*,#1955,.T.);
#2797=ORIENTED_EDGE('',*,*,#1952,.T.);
#2798=ORIENTED_EDGE('',*,*,#1949,.T.);
#2799=ORIENTED_EDGE('',*,*,#1946,.T.);
#2800=ORIENTED_EDGE('',*,*,#1943,.T.);
#2801=ORIENTED_EDGE('',*,*,#1940,.T.);
#2802=ORIENTED_EDGE('',*,*,#1937,.T.);
#2803=ORIENTED_EDGE('',*,*,#1934,.T.);
#2804=ORIENTED_EDGE('',*,*,#1931,.T.);
#2805=ORIENTED_EDGE('',*,*,#1928,.T.);
#2806=ORIENTED_EDGE('',*,*,#1925,.T.);
#2807=ORIENTED_EDGE('',*,*,#1922,.T.);
#2808=ORIENTED_EDGE('',*,*,#1919,.T.);
#2809=ORIENTED_EDGE('',*,*,#1916,.T.);
#2810=ORIENTED_EDGE('',*,*,#1913,.T.);
#2811=ORIENTED_EDGE('',*,*,#1910,.T.);
#2812=ORIENTED_EDGE('',*,*,#1907,.T.);
#2813=ORIENTED_EDGE('',*,*,#1904,.T.);
#2814=ORIENTED_EDGE('',*,*,#1901,.T.);
#2815=ORIENTED_EDGE('',*,*,#1898,.T.);
#2816=ORIENTED_EDGE('',*,*,#1992,.F.);
#2817=ORIENTED_EDGE('',*,*,#1993,.F.);
#2818=ORIENTED_EDGE('',*,*,#1994,.F.);
#2819=ORIENTED_EDGE('',*,*,#1995,.F.);
#2820=ORIENTED_EDGE('',*,*,#1996,.F.);
#2821=ORIENTED_EDGE('',*,*,#1997,.F.);
#2822=ORIENTED_EDGE('',*,*,#1998,.F.);
#2823=ORIENTED_EDGE('',*,*,#1999,.F.);
#2824=ORIENTED_EDGE('',*,*,#1944,.T.);
#2825=ORIENTED_EDGE('',*,*,#1948,.T.);
#2826=ORIENTED_EDGE('',*,*,#1951,.T.);
#2827=ORIENTED_EDGE('',*,*,#1954,.T.);
#2828=ORIENTED_EDGE('',*,*,#1957,.T.);
#2829=ORIENTED_EDGE('',*,*,#1960,.T.);
#2830=ORIENTED_EDGE('',*,*,#1963,.T.);
#2831=ORIENTED_EDGE('',*,*,#1966,.T.);
#2832=ORIENTED_EDGE('',*,*,#1969,.T.);
#2833=ORIENTED_EDGE('',*,*,#1972,.T.);
#2834=ORIENTED_EDGE('',*,*,#1975,.T.);
#2835=ORIENTED_EDGE('',*,*,#1978,.T.);
#2836=ORIENTED_EDGE('',*,*,#1981,.T.);
#2837=ORIENTED_EDGE('',*,*,#1984,.T.);
#2838=ORIENTED_EDGE('',*,*,#1987,.T.);
#2839=ORIENTED_EDGE('',*,*,#1990,.T.);
#2840=ORIENTED_EDGE('',*,*,#2000,.F.);
#2841=ORIENTED_EDGE('',*,*,#2001,.F.);
#2842=ORIENTED_EDGE('',*,*,#2002,.F.);
#2843=ORIENTED_EDGE('',*,*,#2003,.F.);
#2844=ORIENTED_EDGE('',*,*,#2004,.F.);
#2845=ORIENTED_EDGE('',*,*,#2005,.F.);
#2846=ORIENTED_EDGE('',*,*,#2006,.F.);
#2847=ORIENTED_EDGE('',*,*,#2007,.F.);
#2848=ORIENTED_EDGE('',*,*,#1896,.T.);
#2849=ORIENTED_EDGE('',*,*,#1900,.T.);
#2850=ORIENTED_EDGE('',*,*,#1903,.T.);
#2851=ORIENTED_EDGE('',*,*,#1906,.T.);
#2852=ORIENTED_EDGE('',*,*,#1909,.T.);
#2853=ORIENTED_EDGE('',*,*,#1912,.T.);
#2854=ORIENTED_EDGE('',*,*,#1915,.T.);
#2855=ORIENTED_EDGE('',*,*,#1918,.T.);
#2856=ORIENTED_EDGE('',*,*,#1921,.T.);
#2857=ORIENTED_EDGE('',*,*,#1924,.T.);
#2858=ORIENTED_EDGE('',*,*,#1927,.T.);
#2859=ORIENTED_EDGE('',*,*,#1930,.T.);
#2860=ORIENTED_EDGE('',*,*,#1933,.T.);
#2861=ORIENTED_EDGE('',*,*,#1936,.T.);
#2862=ORIENTED_EDGE('',*,*,#1939,.T.);
#2863=ORIENTED_EDGE('',*,*,#1942,.T.);
#2864=ORIENTED_EDGE('',*,*,#2006,.T.);
#2865=ORIENTED_EDGE('',*,*,#2008,.T.);
#2866=ORIENTED_EDGE('',*,*,#1997,.T.);
#2867=ORIENTED_EDGE('',*,*,#2008,.F.);
#2868=ORIENTED_EDGE('',*,*,#1995,.T.);
#2869=ORIENTED_EDGE('',*,*,#2009,.T.);
#2870=ORIENTED_EDGE('',*,*,#2002,.T.);
#2871=ORIENTED_EDGE('',*,*,#2010,.F.);
#2872=ORIENTED_EDGE('',*,*,#1992,.T.);
#2873=ORIENTED_EDGE('',*,*,#2010,.T.);
#2874=ORIENTED_EDGE('',*,*,#2001,.T.);
#2875=ORIENTED_EDGE('',*,*,#2011,.F.);
#2876=ORIENTED_EDGE('',*,*,#2007,.T.);
#2877=ORIENTED_EDGE('',*,*,#2012,.T.);
#2878=ORIENTED_EDGE('',*,*,#1996,.T.);
#2879=ORIENTED_EDGE('',*,*,#2012,.F.);
#2880=ORIENTED_EDGE('',*,*,#1994,.T.);
#2881=ORIENTED_EDGE('',*,*,#2013,.T.);
#2882=ORIENTED_EDGE('',*,*,#2003,.T.);
#2883=ORIENTED_EDGE('',*,*,#2009,.F.);
#2884=ORIENTED_EDGE('',*,*,#2005,.T.);
#2885=ORIENTED_EDGE('',*,*,#2014,.T.);
#2886=ORIENTED_EDGE('',*,*,#1998,.T.);
#2887=ORIENTED_EDGE('',*,*,#2014,.F.);
#2888=ORIENTED_EDGE('',*,*,#2004,.T.);
#2889=ORIENTED_EDGE('',*,*,#2015,.T.);
#2890=ORIENTED_EDGE('',*,*,#1999,.T.);
#2891=ORIENTED_EDGE('',*,*,#2015,.F.);
#2892=ORIENTED_EDGE('',*,*,#2013,.F.);
#2893=ORIENTED_EDGE('',*,*,#1993,.T.);
#2894=ORIENTED_EDGE('',*,*,#2011,.T.);
#2895=ORIENTED_EDGE('',*,*,#2000,.T.);
#2896=CYLINDRICAL_SURFACE('',#3105,2.);
#2897=CYLINDRICAL_SURFACE('',#3108,2.);
#2898=CYLINDRICAL_SURFACE('',#3126,4.00000000000001);
#2899=CYLINDRICAL_SURFACE('',#3132,9.271);
#2900=CYLINDRICAL_SURFACE('',#3145,4.00000000000001);
#2901=CYLINDRICAL_SURFACE('',#3149,2.1);
#2902=CYLINDRICAL_SURFACE('',#3152,2.1);
#2903=CYLINDRICAL_SURFACE('',#3154,2.1);
#2904=CYLINDRICAL_SURFACE('',#3156,2.1);
#2905=CYLINDRICAL_SURFACE('',#3159,3.99999999999998);
#2906=CYLINDRICAL_SURFACE('',#3166,9.371);
#2907=CYLINDRICAL_SURFACE('',#3178,9.371);
#2908=CYLINDRICAL_SURFACE('',#3222,9.271);
#2909=CYLINDRICAL_SURFACE('',#3233,4.);
#2910=CYLINDRICAL_SURFACE('',#3243,1.27);
#2911=CYLINDRICAL_SURFACE('',#3244,1.27);
#2912=CYLINDRICAL_SURFACE('',#3246,1.016);
#2913=CYLINDRICAL_SURFACE('',#3248,1.016);
#2914=CYLINDRICAL_SURFACE('',#3251,1.016);
#2915=CYLINDRICAL_SURFACE('',#3253,1.27);
#2916=CYLINDRICAL_SURFACE('',#3262,1.27);
#2917=CYLINDRICAL_SURFACE('',#3263,1.016);
#2918=CYLINDRICAL_SURFACE('',#3267,5.50000000000001);
#2919=CYLINDRICAL_SURFACE('',#3273,5.50000000000002);
#2920=CYLINDRICAL_SURFACE('',#3279,5.49999999999998);
#2921=CYLINDRICAL_SURFACE('',#3285,5.49999999999999);
#2922=CYLINDRICAL_SURFACE('',#3291,4.49999999999998);
#2923=CYLINDRICAL_SURFACE('',#3297,4.50000000000003);
#2924=CYLINDRICAL_SURFACE('',#3303,4.50000000000001);
#2925=CYLINDRICAL_SURFACE('',#3309,4.49999999999999);
#2926=CYLINDRICAL_SURFACE('',#3326,1.6);
#2927=CYLINDRICAL_SURFACE('',#3329,1.6);
#2928=CYLINDRICAL_SURFACE('',#3331,1.6);
#2929=CYLINDRICAL_SURFACE('',#3332,1.6);
#2930=ADVANCED_FACE('',(#187),#2896,.F.);
#2931=ADVANCED_FACE('',(#188),#2897,.F.);
#2932=ADVANCED_FACE('',(#189),#70,.T.);
#2933=ADVANCED_FACE('',(#190,#54,#55),#71,.T.);
#2934=ADVANCED_FACE('',(#191),#72,.T.);
#2935=ADVANCED_FACE('',(#192),#73,.F.);
#2936=ADVANCED_FACE('',(#193),#74,.F.);
#2937=ADVANCED_FACE('',(#194),#75,.F.);
#2938=ADVANCED_FACE('',(#195),#76,.F.);
#2939=ADVANCED_FACE('',(#196),#77,.T.);
#2940=ADVANCED_FACE('',(#197),#2898,.T.);
#2941=ADVANCED_FACE('',(#198),#78,.F.);
#2942=ADVANCED_FACE('',(#199),#2899,.F.);
#2943=ADVANCED_FACE('',(#200),#79,.F.);
#2944=ADVANCED_FACE('',(#201),#80,.T.);
#2945=ADVANCED_FACE('',(#202),#81,.F.);
#2946=ADVANCED_FACE('',(#203),#82,.F.);
#2947=ADVANCED_FACE('',(#204),#83,.F.);
#2948=ADVANCED_FACE('',(#205),#84,.T.);
#2949=ADVANCED_FACE('',(#206),#85,.T.);
#2950=ADVANCED_FACE('',(#207),#86,.T.);
#2951=ADVANCED_FACE('',(#208),#2900,.T.);
#2952=ADVANCED_FACE('',(#209),#87,.T.);
#2953=ADVANCED_FACE('',(#210),#88,.F.);
#2954=ADVANCED_FACE('',(#211),#2901,.F.);
#2955=ADVANCED_FACE('',(#212),#2902,.F.);
#2956=ADVANCED_FACE('',(#213),#2903,.F.);
#2957=ADVANCED_FACE('',(#214),#2904,.F.);
#2958=ADVANCED_FACE('',(#215),#2905,.T.);
#2959=ADVANCED_FACE('',(#216),#89,.T.);
#2960=ADVANCED_FACE('',(#217),#90,.T.);
#2961=ADVANCED_FACE('',(#218),#91,.T.);
#2962=ADVANCED_FACE('',(#219),#2906,.F.);
#2963=ADVANCED_FACE('',(#220),#21,.T.);
#2964=ADVANCED_FACE('',(#221),#22,.T.);
#2965=ADVANCED_FACE('',(#222),#92,.T.);
#2966=ADVANCED_FACE('',(#223),#23,.T.);
#2967=ADVANCED_FACE('',(#224),#24,.T.);
#2968=ADVANCED_FACE('',(#225),#25,.T.);
#2969=ADVANCED_FACE('',(#226),#26,.T.);
#2970=ADVANCED_FACE('',(#227),#27,.T.);
#2971=ADVANCED_FACE('',(#228),#93,.T.);
#2972=ADVANCED_FACE('',(#229),#28,.T.);
#2973=ADVANCED_FACE('',(#230),#29,.T.);
#2974=ADVANCED_FACE('',(#231),#94,.T.);
#2975=ADVANCED_FACE('',(#232),#2907,.F.);
#2976=ADVANCED_FACE('',(#233),#95,.T.);
#2977=ADVANCED_FACE('',(#234),#96,.T.);
#2978=ADVANCED_FACE('',(#235),#97,.T.);
#2979=ADVANCED_FACE('',(#236),#98,.T.);
#2980=ADVANCED_FACE('',(#237),#99,.F.);
#2981=ADVANCED_FACE('',(#238),#100,.F.);
#2982=ADVANCED_FACE('',(#239),#101,.F.);
#2983=ADVANCED_FACE('',(#240),#102,.T.);
#2984=ADVANCED_FACE('',(#241),#103,.T.);
#2985=ADVANCED_FACE('',(#242),#104,.T.);
#2986=ADVANCED_FACE('',(#243),#105,.T.);
#2987=ADVANCED_FACE('',(#244),#106,.T.);
#2988=ADVANCED_FACE('',(#245),#107,.F.);
#2989=ADVANCED_FACE('',(#246),#108,.F.);
#2990=ADVANCED_FACE('',(#247),#109,.F.);
#2991=ADVANCED_FACE('',(#248),#110,.F.);
#2992=ADVANCED_FACE('',(#249),#111,.F.);
#2993=ADVANCED_FACE('',(#250),#112,.F.);
#2994=ADVANCED_FACE('',(#251),#113,.F.);
#2995=ADVANCED_FACE('',(#252),#114,.F.);
#2996=ADVANCED_FACE('',(#253),#115,.F.);
#2997=ADVANCED_FACE('',(#254),#116,.T.);
#2998=ADVANCED_FACE('',(#255),#117,.T.);
#2999=ADVANCED_FACE('',(#256),#118,.F.);
#3000=ADVANCED_FACE('',(#257),#119,.F.);
#3001=ADVANCED_FACE('',(#258),#120,.F.);
#3002=ADVANCED_FACE('',(#259),#121,.F.);
#3003=ADVANCED_FACE('',(#260),#122,.F.);
#3004=ADVANCED_FACE('',(#261),#123,.F.);
#3005=ADVANCED_FACE('',(#262),#124,.F.);
#3006=ADVANCED_FACE('',(#263),#125,.F.);
#3007=ADVANCED_FACE('',(#264),#126,.T.);
#3008=ADVANCED_FACE('',(#265),#127,.F.);
#3009=ADVANCED_FACE('',(#266),#128,.T.);
#3010=ADVANCED_FACE('',(#267),#129,.T.);
#3011=ADVANCED_FACE('',(#268),#130,.F.);
#3012=ADVANCED_FACE('',(#269,#56,#57),#2908,.F.);
#3013=ADVANCED_FACE('',(#270),#131,.T.);
#3014=ADVANCED_FACE('',(#271),#132,.T.);
#3015=ADVANCED_FACE('',(#272),#133,.T.);
#3016=ADVANCED_FACE('',(#273),#134,.T.);
#3017=ADVANCED_FACE('',(#274),#135,.T.);
#3018=ADVANCED_FACE('',(#275),#136,.T.);
#3019=ADVANCED_FACE('',(#276),#137,.T.);
#3020=ADVANCED_FACE('',(#277),#138,.T.);
#3021=ADVANCED_FACE('',(#278),#139,.T.);
#3022=ADVANCED_FACE('',(#279),#2909,.T.);
#3023=ADVANCED_FACE('',(#280),#140,.T.);
#3024=ADVANCED_FACE('',(#281),#141,.T.);
#3025=ADVANCED_FACE('',(#282),#142,.F.);
#3026=ADVANCED_FACE('',(#283),#143,.T.);
#3027=ADVANCED_FACE('',(#284),#144,.F.);
#3028=ADVANCED_FACE('',(#285),#145,.T.);
#3029=ADVANCED_FACE('',(#286),#2910,.F.);
#3030=ADVANCED_FACE('',(#287),#2911,.F.);
#3031=ADVANCED_FACE('',(#288),#2912,.T.);
#3032=ADVANCED_FACE('',(#289),#2913,.T.);
#3033=ADVANCED_FACE('',(#290,#58,#59),#146,.T.);
#3034=ADVANCED_FACE('',(#291),#147,.F.);
#3035=ADVANCED_FACE('',(#292),#2914,.T.);
#3036=ADVANCED_FACE('',(#293),#2915,.F.);
#3037=ADVANCED_FACE('',(#294),#148,.F.);
#3038=ADVANCED_FACE('',(#295),#149,.T.);
#3039=ADVANCED_FACE('',(#296),#150,.F.);
#3040=ADVANCED_FACE('',(#297),#151,.T.);
#3041=ADVANCED_FACE('',(#298),#152,.F.);
#3042=ADVANCED_FACE('',(#299),#2916,.F.);
#3043=ADVANCED_FACE('',(#300),#2917,.T.);
#3044=ADVANCED_FACE('',(#301),#153,.T.);
#3045=ADVANCED_FACE('',(#302),#154,.F.);
#3046=ADVANCED_FACE('',(#303),#155,.T.);
#3047=ADVANCED_FACE('',(#304),#2918,.T.);
#3048=ADVANCED_FACE('',(#305),#156,.T.);
#3049=ADVANCED_FACE('',(#306),#157,.T.);
#3050=ADVANCED_FACE('',(#307),#158,.T.);
#3051=ADVANCED_FACE('',(#308),#2919,.T.);
#3052=ADVANCED_FACE('',(#309),#159,.T.);
#3053=ADVANCED_FACE('',(#310),#160,.T.);
#3054=ADVANCED_FACE('',(#311),#161,.T.);
#3055=ADVANCED_FACE('',(#312),#2920,.T.);
#3056=ADVANCED_FACE('',(#313),#162,.T.);
#3057=ADVANCED_FACE('',(#314),#163,.T.);
#3058=ADVANCED_FACE('',(#315),#164,.T.);
#3059=ADVANCED_FACE('',(#316),#2921,.T.);
#3060=ADVANCED_FACE('',(#317),#165,.T.);
#3061=ADVANCED_FACE('',(#318),#166,.T.);
#3062=ADVANCED_FACE('',(#319),#167,.T.);
#3063=ADVANCED_FACE('',(#320),#2922,.F.);
#3064=ADVANCED_FACE('',(#321),#168,.T.);
#3065=ADVANCED_FACE('',(#322),#169,.T.);
#3066=ADVANCED_FACE('',(#323),#170,.T.);
#3067=ADVANCED_FACE('',(#324),#2923,.F.);
#3068=ADVANCED_FACE('',(#325),#171,.T.);
#3069=ADVANCED_FACE('',(#326),#172,.T.);
#3070=ADVANCED_FACE('',(#327),#173,.T.);
#3071=ADVANCED_FACE('',(#328),#2924,.F.);
#3072=ADVANCED_FACE('',(#329),#174,.T.);
#3073=ADVANCED_FACE('',(#330),#175,.T.);
#3074=ADVANCED_FACE('',(#331),#176,.T.);
#3075=ADVANCED_FACE('',(#332),#2925,.F.);
#3076=ADVANCED_FACE('',(#333),#177,.T.);
#3077=ADVANCED_FACE('',(#334),#178,.T.);
#3078=ADVANCED_FACE('',(#335,#60),#179,.F.);
#3079=ADVANCED_FACE('',(#336,#61,#62,#63,#64,#65),#180,.F.);
#3080=ADVANCED_FACE('',(#337,#66,#67,#68,#69),#181,.T.);
#3081=ADVANCED_FACE('',(#338),#182,.F.);
#3082=ADVANCED_FACE('',(#339),#2926,.F.);
#3083=ADVANCED_FACE('',(#340),#183,.T.);
#3084=ADVANCED_FACE('',(#341),#184,.T.);
#3085=ADVANCED_FACE('',(#342),#2927,.F.);
#3086=ADVANCED_FACE('',(#343),#185,.T.);
#3087=ADVANCED_FACE('',(#344),#2928,.F.);
#3088=ADVANCED_FACE('',(#345),#2929,.F.);
#3089=ADVANCED_FACE('',(#346),#186,.T.);
#3090=CLOSED_SHELL('',(#2930,#2931,#2932,#2933,#2934,#2935,#2936,#2937,
#2938,#2939,#2940,#2941,#2942,#2943,#2944,#2945,#2946,#2947,#2948,#2949,
#2950,#2951,#2952,#2953,#2954,#2955,#2956,#2957,#2958,#2959,#2960,#2961,
#2962,#2963,#2964,#2965,#2966,#2967,#2968,#2969,#2970,#2971,#2972,#2973,
#2974,#2975,#2976,#2977,#2978,#2979,#2980,#2981,#2982,#2983,#2984,#2985,
#2986,#2987,#2988,#2989,#2990,#2991,#2992,#2993,#2994,#2995,#2996,#2997,
#2998,#2999,#3000,#3001,#3002,#3003,#3004,#3005,#3006,#3007,#3008,#3009,
#3010,#3011,#3012,#3013,#3014,#3015,#3016,#3017,#3018,#3019,#3020,#3021,
#3022,#3023,#3024,#3025,#3026,#3027,#3028,#3029,#3030,#3031,#3032,#3033,
#3034,#3035,#3036,#3037,#3038,#3039,#3040,#3041,#3042,#3043,#3044,#3045));
#3091=CLOSED_SHELL('',(#3046,#3047,#3048,#3049,#3050,#3051,#3052,#3053,
#3054,#3055,#3056,#3057,#3058,#3059,#3060,#3061,#3062,#3063,#3064,#3065,
#3066,#3067,#3068,#3069,#3070,#3071,#3072,#3073,#3074,#3075,#3076,#3077,
#3078,#3079,#3080,#3081,#3082,#3083,#3084,#3085,#3086,#3087,#3088,#3089));
#3092=DERIVED_UNIT_ELEMENT(#3094,1.);
#3093=DERIVED_UNIT_ELEMENT(#5180,-3.);
#3094=(
MASS_UNIT()
NAMED_UNIT(*)
SI_UNIT(.KILO.,.GRAM.)
);
#3095=DERIVED_UNIT((#3092,#3093));
#3096=MEASURE_REPRESENTATION_ITEM('density measure',
POSITIVE_RATIO_MEASURE(7850.),#3095);
#3097=PROPERTY_DEFINITION_REPRESENTATION(#3102,#3099);
#3098=PROPERTY_DEFINITION_REPRESENTATION(#3103,#3100);
#3099=REPRESENTATION('material name',(#3101),#5177);
#3100=REPRESENTATION('density',(#3096),#5177);
#3101=DESCRIPTIVE_REPRESENTATION_ITEM('Acero','Acero');
#3102=PROPERTY_DEFINITION('material property','material name',#5187);
#3103=PROPERTY_DEFINITION('material property','density of part',#5187);
#3104=AXIS2_PLACEMENT_3D('',#4142,#3334,#3335);
#3105=AXIS2_PLACEMENT_3D('',#4143,#3336,#3337);
#3106=AXIS2_PLACEMENT_3D('',#4146,#3338,#3339);
#3107=AXIS2_PLACEMENT_3D('',#4150,#3341,#3342);
#3108=AXIS2_PLACEMENT_3D('',#4152,#3344,#3345);
#3109=AXIS2_PLACEMENT_3D('',#4157,#3347,#3348);
#3110=AXIS2_PLACEMENT_3D('',#4160,#3350,#3351);
#3111=AXIS2_PLACEMENT_3D('',#4161,#3352,#3353);
#3112=AXIS2_PLACEMENT_3D('',#4171,#3359,#3360);
#3113=AXIS2_PLACEMENT_3D('',#4177,#3363,#3364);
#3114=AXIS2_PLACEMENT_3D('',#4185,#3368,#3369);
#3115=AXIS2_PLACEMENT_3D('',#4193,#3374,#3375);
#3116=AXIS2_PLACEMENT_3D('',#4195,#3376,#3377);
#3117=AXIS2_PLACEMENT_3D('',#4196,#3378,#3379);
#3118=AXIS2_PLACEMENT_3D('',#4204,#3384,#3385);
#3119=AXIS2_PLACEMENT_3D('',#4218,#3392,#3393);
#3120=AXIS2_PLACEMENT_3D('',#4219,#3394,#3395);
#3121=AXIS2_PLACEMENT_3D('',#4227,#3400,#3401);
#3122=AXIS2_PLACEMENT_3D('',#4240,#3408,#3409);
#3123=AXIS2_PLACEMENT_3D('',#4256,#3417,#3418);
#3124=AXIS2_PLACEMENT_3D('',#4260,#3420,#3421);
#3125=AXIS2_PLACEMENT_3D('',#4262,#3423,#3424);
#3126=AXIS2_PLACEMENT_3D('',#4268,#3428,#3429);
#3127=AXIS2_PLACEMENT_3D('',#4272,#3431,#3432);
#3128=AXIS2_PLACEMENT_3D('',#4275,#3434,#3435);
#3129=AXIS2_PLACEMENT_3D('',#4276,#3436,#3437);
#3130=AXIS2_PLACEMENT_3D('',#4292,#3445,#3446);
#3131=AXIS2_PLACEMENT_3D('',#4296,#3448,#3449);
#3132=AXIS2_PLACEMENT_3D('',#4298,#3451,#3452);
#3133=AXIS2_PLACEMENT_3D('',#4301,#3453,#3454);
#3134=AXIS2_PLACEMENT_3D('',#4309,#3458,#3459);
#3135=AXIS2_PLACEMENT_3D('',#4333,#3461,#3462);
#3136=AXIS2_PLACEMENT_3D('',#4336,#3463,#3464);
#3137=AXIS2_PLACEMENT_3D('',#4352,#3474,#3475);
#3138=AXIS2_PLACEMENT_3D('',#4362,#3481,#3482);
#3139=AXIS2_PLACEMENT_3D('',#4368,#3486,#3487);
#3140=AXIS2_PLACEMENT_3D('',#4379,#3493,#3494);
#3141=AXIS2_PLACEMENT_3D('',#4380,#3495,#3496);
#3142=AXIS2_PLACEMENT_3D('',#4388,#3501,#3502);
#3143=AXIS2_PLACEMENT_3D('',#4393,#3506,#3507);
#3144=AXIS2_PLACEMENT_3D('',#4397,#3510,#3511);
#3145=AXIS2_PLACEMENT_3D('',#4401,#3514,#3515);
#3146=AXIS2_PLACEMENT_3D('',#4404,#3517,#3518);
#3147=AXIS2_PLACEMENT_3D('',#4405,#3519,#3520);
#3148=AXIS2_PLACEMENT_3D('',#4409,#3523,#3524);
#3149=AXIS2_PLACEMENT_3D('',#4415,#3528,#3529);
#3150=AXIS2_PLACEMENT_3D('',#4417,#3530,#3531);
#3151=AXIS2_PLACEMENT_3D('',#4420,#3533,#3534);
#3152=AXIS2_PLACEMENT_3D('',#4421,#3535,#3536);
#3153=AXIS2_PLACEMENT_3D('',#4423,#3537,#3538);
#3154=AXIS2_PLACEMENT_3D('',#4425,#3540,#3541);
#3155=AXIS2_PLACEMENT_3D('',#4427,#3542,#3543);
#3156=AXIS2_PLACEMENT_3D('',#4429,#3545,#3546);
#3157=AXIS2_PLACEMENT_3D('',#4431,#3547,#3548);
#3158=AXIS2_PLACEMENT_3D('',#4434,#3550,#3551);
#3159=AXIS2_PLACEMENT_3D('',#4435,#3552,#3553);
#3160=AXIS2_PLACEMENT_3D('',#4439,#3555,#3556);
#3161=AXIS2_PLACEMENT_3D('',#4441,#3557,#3558);
#3162=AXIS2_PLACEMENT_3D('',#4444,#3560,#3561);
#3163=AXIS2_PLACEMENT_3D('',#4445,#3562,#3563);
#3164=AXIS2_PLACEMENT_3D('',#4454,#3568,#3569);
#3165=AXIS2_PLACEMENT_3D('',#4461,#3574,#3575);
#3166=AXIS2_PLACEMENT_3D('',#4467,#3579,#3580);
#3167=AXIS2_PLACEMENT_3D('',#4490,#3584,#3585);
#3168=AXIS2_PLACEMENT_3D('',#4511,#3589,#3590);
#3169=AXIS2_PLACEMENT_3D('',#4523,#3592,#3593);
#3170=AXIS2_PLACEMENT_3D('',#4541,#3596,#3597);
#3171=AXIS2_PLACEMENT_3D('',#4544,#3599,#3600);
#3172=AXIS2_PLACEMENT_3D('',#4566,#3604,#3605);
#3173=AXIS2_PLACEMENT_3D('',#4588,#3609,#3610);
#3174=AXIS2_PLACEMENT_3D('',#4605,#3612,#3613);
#3175=AXIS2_PLACEMENT_3D('',#4608,#3615,#3616);
#3176=AXIS2_PLACEMENT_3D('',#4635,#3619,#3620);
#3177=AXIS2_PLACEMENT_3D('',#4636,#3621,#3622);
#3178=AXIS2_PLACEMENT_3D('',#4640,#3623,#3624);
#3179=AXIS2_PLACEMENT_3D('',#4643,#3625,#3626);
#3180=AXIS2_PLACEMENT_3D('',#4647,#3628,#3629);
#3181=AXIS2_PLACEMENT_3D('',#4649,#3631,#3632);
#3182=AXIS2_PLACEMENT_3D('',#4657,#3635,#3636);
#3183=AXIS2_PLACEMENT_3D('',#4660,#3638,#3639);
#3184=AXIS2_PLACEMENT_3D('',#4661,#3640,#3641);
#3185=AXIS2_PLACEMENT_3D('',#4667,#3643,#3644);
#3186=AXIS2_PLACEMENT_3D('',#4668,#3645,#3646);
#3187=AXIS2_PLACEMENT_3D('',#4669,#3647,#3648);
#3188=AXIS2_PLACEMENT_3D('',#4671,#3650,#3651);
#3189=AXIS2_PLACEMENT_3D('',#4677,#3655,#3656);
#3190=AXIS2_PLACEMENT_3D('',#4681,#3659,#3660);
#3191=AXIS2_PLACEMENT_3D('',#4694,#3667,#3668);
#3192=AXIS2_PLACEMENT_3D('',#4700,#3672,#3673);
#3193=AXIS2_PLACEMENT_3D('',#4704,#3676,#3677);
#3194=AXIS2_PLACEMENT_3D('',#4710,#3681,#3682);
#3195=AXIS2_PLACEMENT_3D('',#4714,#3685,#3686);
#3196=AXIS2_PLACEMENT_3D('',#4722,#3691,#3692);
#3197=AXIS2_PLACEMENT_3D('',#4731,#3697,#3698);
#3198=AXIS2_PLACEMENT_3D('',#4734,#3701,#3702);
#3199=AXIS2_PLACEMENT_3D('',#4736,#3704,#3705);
#3200=AXIS2_PLACEMENT_3D('',#4738,#3707,#3708);
#3201=AXIS2_PLACEMENT_3D('',#4747,#3713,#3714);
#3202=AXIS2_PLACEMENT_3D('',#4750,#3717,#3718);
#3203=AXIS2_PLACEMENT_3D('',#4752,#3720,#3721);
#3204=AXIS2_PLACEMENT_3D('',#4754,#3723,#3724);
#3205=AXIS2_PLACEMENT_3D('',#4759,#3728,#3729);
#3206=AXIS2_PLACEMENT_3D('',#4764,#3733,#3734);
#3207=AXIS2_PLACEMENT_3D('',#4770,#3738,#3739);
#3208=AXIS2_PLACEMENT_3D('',#4776,#3743,#3744);
#3209=AXIS2_PLACEMENT_3D('',#4782,#3748,#3749);
#3210=AXIS2_PLACEMENT_3D('',#4785,#3752,#3753);
#3211=AXIS2_PLACEMENT_3D('',#4789,#3756,#3757);
#3212=AXIS2_PLACEMENT_3D('',#4795,#3760,#3761);
#3213=AXIS2_PLACEMENT_3D('',#4797,#3763,#3764);
#3214=AXIS2_PLACEMENT_3D('',#4805,#3769,#3770);
#3215=AXIS2_PLACEMENT_3D('',#4807,#3772,#3773);
#3216=AXIS2_PLACEMENT_3D('',#4808,#3774,#3775);
#3217=AXIS2_PLACEMENT_3D('',#4813,#3779,#3780);
#3218=AXIS2_PLACEMENT_3D('',#4815,#3782,#3783);
#3219=AXIS2_PLACEMENT_3D('',#4822,#3787,#3788);
#3220=AXIS2_PLACEMENT_3D('',#4828,#3792,#3793);
#3221=AXIS2_PLACEMENT_3D('',#4831,#3795,#3796);
#3222=AXIS2_PLACEMENT_3D('',#4833,#3798,#3799);
#3223=AXIS2_PLACEMENT_3D('',#4857,#3801,#3802);
#3224=AXIS2_PLACEMENT_3D('',#4859,#3804,#3805);
#3225=AXIS2_PLACEMENT_3D('',#4860,#3806,#3807);
#3226=AXIS2_PLACEMENT_3D('',#4861,#3808,#3809);
#3227=AXIS2_PLACEMENT_3D('',#4863,#3811,#3812);
#3228=AXIS2_PLACEMENT_3D('',#4864,#3813,#3814);
#3229=AXIS2_PLACEMENT_3D('',#4868,#3816,#3817);
#3230=AXIS2_PLACEMENT_3D('',#4870,#3819,#3820);
#3231=AXIS2_PLACEMENT_3D('',#4871,#3821,#3822);
#3232=AXIS2_PLACEMENT_3D('',#4872,#3823,#3824);
#3233=AXIS2_PLACEMENT_3D('',#4876,#3827,#3828);
#3234=AXIS2_PLACEMENT_3D('',#4879,#3830,#3831);
#3235=AXIS2_PLACEMENT_3D('',#4880,#3832,#3833);
#3236=AXIS2_PLACEMENT_3D('',#4882,#3835,#3836);
#3237=AXIS2_PLACEMENT_3D('',#4884,#3838,#3839);
#3238=AXIS2_PLACEMENT_3D('',#4887,#3842,#3843);
#3239=AXIS2_PLACEMENT_3D('',#4891,#3846,#3847);
#3240=AXIS2_PLACEMENT_3D('',#4893,#3848,#3849);
#3241=AXIS2_PLACEMENT_3D('',#4895,#3851,#3852);
#3242=AXIS2_PLACEMENT_3D('',#4896,#3853,#3854);
#3243=AXIS2_PLACEMENT_3D('',#4898,#3856,#3857);
#3244=AXIS2_PLACEMENT_3D('',#4899,#3858,#3859);
#3245=AXIS2_PLACEMENT_3D('',#4900,#3860,#3861);
#3246=AXIS2_PLACEMENT_3D('',#4901,#3862,#3863);
#3247=AXIS2_PLACEMENT_3D('',#4902,#3864,#3865);
#3248=AXIS2_PLACEMENT_3D('',#4903,#3866,#3867);
#3249=AXIS2_PLACEMENT_3D('',#4904,#3868,#3869);
#3250=AXIS2_PLACEMENT_3D('',#4906,#3871,#3872);
#3251=AXIS2_PLACEMENT_3D('',#4907,#3873,#3874);
#3252=AXIS2_PLACEMENT_3D('',#4909,#3875,#3876);
#3253=AXIS2_PLACEMENT_3D('',#4911,#3878,#3879);
#3254=AXIS2_PLACEMENT_3D('',#4913,#3881,#3882);
#3255=AXIS2_PLACEMENT_3D('',#4914,#3883,#3884);
#3256=AXIS2_PLACEMENT_3D('',#4916,#3886,#3887);
#3257=AXIS2_PLACEMENT_3D('',#4917,#3888,#3889);
#3258=AXIS2_PLACEMENT_3D('',#4919,#3891,#3892);
#3259=AXIS2_PLACEMENT_3D('',#4923,#3895,#3896);
#3260=AXIS2_PLACEMENT_3D('',#4924,#3897,#3898);
#3261=AXIS2_PLACEMENT_3D('',#4925,#3899,#3900);
#3262=AXIS2_PLACEMENT_3D('',#4926,#3901,#3902);
#3263=AXIS2_PLACEMENT_3D('',#4927,#3903,#3904);
#3264=AXIS2_PLACEMENT_3D('',#4928,#3905,#3906);
#3265=AXIS2_PLACEMENT_3D('',#4930,#3908,#3909);
#3266=AXIS2_PLACEMENT_3D('',#4931,#3910,#3911);
#3267=AXIS2_PLACEMENT_3D('',#4940,#3916,#3917);
#3268=AXIS2_PLACEMENT_3D('',#4942,#3918,#3919);
#3269=AXIS2_PLACEMENT_3D('',#4944,#3920,#3921);
#3270=AXIS2_PLACEMENT_3D('',#4946,#3923,#3924);
#3271=AXIS2_PLACEMENT_3D('',#4952,#3928,#3929);
#3272=AXIS2_PLACEMENT_3D('',#4958,#3933,#3934);
#3273=AXIS2_PLACEMENT_3D('',#4964,#3938,#3939);
#3274=AXIS2_PLACEMENT_3D('',#4966,#3940,#3941);
#3275=AXIS2_PLACEMENT_3D('',#4968,#3942,#3943);
#3276=AXIS2_PLACEMENT_3D('',#4970,#3945,#3946);
#3277=AXIS2_PLACEMENT_3D('',#4976,#3950,#3951);
#3278=AXIS2_PLACEMENT_3D('',#4982,#3955,#3956);
#3279=AXIS2_PLACEMENT_3D('',#4988,#3960,#3961);
#3280=AXIS2_PLACEMENT_3D('',#4990,#3962,#3963);
#3281=AXIS2_PLACEMENT_3D('',#4992,#3964,#3965);
#3282=AXIS2_PLACEMENT_3D('',#4994,#3967,#3968);
#3283=AXIS2_PLACEMENT_3D('',#5000,#3972,#3973);
#3284=AXIS2_PLACEMENT_3D('',#5006,#3977,#3978);
#3285=AXIS2_PLACEMENT_3D('',#5012,#3982,#3983);
#3286=AXIS2_PLACEMENT_3D('',#5014,#3984,#3985);
#3287=AXIS2_PLACEMENT_3D('',#5016,#3986,#3987);
#3288=AXIS2_PLACEMENT_3D('',#5018,#3989,#3990);
#3289=AXIS2_PLACEMENT_3D('',#5024,#3994,#3995);
#3290=AXIS2_PLACEMENT_3D('',#5027,#3998,#3999);
#3291=AXIS2_PLACEMENT_3D('',#5036,#4004,#4005);
#3292=AXIS2_PLACEMENT_3D('',#5038,#4006,#4007);
#3293=AXIS2_PLACEMENT_3D('',#5040,#4008,#4009);
#3294=AXIS2_PLACEMENT_3D('',#5042,#4011,#4012);
#3295=AXIS2_PLACEMENT_3D('',#5048,#4016,#4017);
#3296=AXIS2_PLACEMENT_3D('',#5054,#4021,#4022);
#3297=AXIS2_PLACEMENT_3D('',#5060,#4026,#4027);
#3298=AXIS2_PLACEMENT_3D('',#5062,#4028,#4029);
#3299=AXIS2_PLACEMENT_3D('',#5064,#4030,#4031);
#3300=AXIS2_PLACEMENT_3D('',#5066,#4033,#4034);
#3301=AXIS2_PLACEMENT_3D('',#5072,#4038,#4039);
#3302=AXIS2_PLACEMENT_3D('',#5078,#4043,#4044);
#3303=AXIS2_PLACEMENT_3D('',#5084,#4048,#4049);
#3304=AXIS2_PLACEMENT_3D('',#5086,#4050,#4051);
#3305=AXIS2_PLACEMENT_3D('',#5088,#4052,#4053);
#3306=AXIS2_PLACEMENT_3D('',#5090,#4055,#4056);
#3307=AXIS2_PLACEMENT_3D('',#5096,#4060,#4061);
#3308=AXIS2_PLACEMENT_3D('',#5102,#4065,#4066);
#3309=AXIS2_PLACEMENT_3D('',#5108,#4070,#4071);
#3310=AXIS2_PLACEMENT_3D('',#5110,#4072,#4073);
#3311=AXIS2_PLACEMENT_3D('',#5112,#4074,#4075);
#3312=AXIS2_PLACEMENT_3D('',#5114,#4077,#4078);
#3313=AXIS2_PLACEMENT_3D('',#5120,#4082,#4083);
#3314=AXIS2_PLACEMENT_3D('',#5123,#4086,#4087);
#3315=AXIS2_PLACEMENT_3D('',#5124,#4088,#4089);
#3316=AXIS2_PLACEMENT_3D('',#5134,#4094,#4095);
#3317=AXIS2_PLACEMENT_3D('',#5136,#4096,#4097);
#3318=AXIS2_PLACEMENT_3D('',#5138,#4098,#4099);
#3319=AXIS2_PLACEMENT_3D('',#5140,#4100,#4101);
#3320=AXIS2_PLACEMENT_3D('',#5141,#4102,#4103);
#3321=AXIS2_PLACEMENT_3D('',#5151,#4108,#4109);
#3322=AXIS2_PLACEMENT_3D('',#5153,#4110,#4111);
#3323=AXIS2_PLACEMENT_3D('',#5155,#4112,#4113);
#3324=AXIS2_PLACEMENT_3D('',#5157,#4114,#4115);
#3325=AXIS2_PLACEMENT_3D('',#5158,#4116,#4117);
#3326=AXIS2_PLACEMENT_3D('',#5159,#4118,#4119);
#3327=AXIS2_PLACEMENT_3D('',#5161,#4121,#4122);
#3328=AXIS2_PLACEMENT_3D('',#5164,#4125,#4126);
#3329=AXIS2_PLACEMENT_3D('',#5166,#4128,#4129);
#3330=AXIS2_PLACEMENT_3D('',#5168,#4131,#4132);
#3331=AXIS2_PLACEMENT_3D('',#5170,#4134,#4135);
#3332=AXIS2_PLACEMENT_3D('',#5172,#4137,#4138);
#3333=AXIS2_PLACEMENT_3D('',#5174,#4140,#4141);
#3334=DIRECTION('axis',(0.,0.,1.));
#3335=DIRECTION('refdir',(1.,0.,0.));
#3336=DIRECTION('center_axis',(1.,0.,0.));
#3337=DIRECTION('ref_axis',(0.,-1.,0.));
#3338=DIRECTION('center_axis',(1.,0.,0.));
#3339=DIRECTION('ref_axis',(0.,-1.,0.));
#3340=DIRECTION('',(-1.,0.,0.));
#3341=DIRECTION('center_axis',(-1.,0.,0.));
#3342=DIRECTION('ref_axis',(0.,-1.,0.));
#3343=DIRECTION('',(1.,0.,0.));
#3344=DIRECTION('center_axis',(1.,0.,0.));
#3345=DIRECTION('ref_axis',(0.,-1.,0.));
#3346=DIRECTION('',(-1.,0.,0.));
#3347=DIRECTION('center_axis',(-1.,0.,0.));
#3348=DIRECTION('ref_axis',(0.,-1.,0.));
#3349=DIRECTION('',(1.,0.,0.));
#3350=DIRECTION('center_axis',(1.,0.,0.));
#3351=DIRECTION('ref_axis',(0.,-1.,0.));
#3352=DIRECTION('center_axis',(-1.,0.,0.));
#3353=DIRECTION('ref_axis',(0.,0.,1.));
#3354=DIRECTION('',(0.,0.,1.));
#3355=DIRECTION('',(0.,-1.,0.));
#3356=DIRECTION('',(0.,0.,1.));
#3357=DIRECTION('',(0.,1.,0.));
#3358=DIRECTION('',(0.,0.,1.));
#3359=DIRECTION('center_axis',(0.,1.,0.));
#3360=DIRECTION('ref_axis',(0.,0.,1.));
#3361=DIRECTION('',(0.,0.,1.));
#3362=DIRECTION('',(-1.,0.,1.48029736616688E-15));
#3363=DIRECTION('center_axis',(0.,-1.,0.));
#3364=DIRECTION('ref_axis',(2.40548322002117E-15,0.,1.));
#3365=DIRECTION('',(0.,0.,1.));
#3366=DIRECTION('',(-1.,0.,0.));
#3367=DIRECTION('',(0.,0.,-1.));
#3368=DIRECTION('center_axis',(0.,-1.,0.));
#3369=DIRECTION('ref_axis',(-1.,0.,1.48029736616687E-15));
#3370=DIRECTION('',(-1.,0.,0.));
#3371=DIRECTION('',(0.,0.,-1.));
#3372=DIRECTION('',(0.,0.,-1.));
#3373=DIRECTION('',(-1.,0.,0.));
#3374=DIRECTION('center_axis',(0.,1.,0.));
#3375=DIRECTION('ref_axis',(-1.,0.,0.));
#3376=DIRECTION('center_axis',(0.,1.,0.));
#3377=DIRECTION('ref_axis',(-1.,0.,0.));
#3378=DIRECTION('center_axis',(1.,0.,0.));
#3379=DIRECTION('ref_axis',(0.,0.,-1.));
#3380=DIRECTION('',(0.,0.,-1.));
#3381=DIRECTION('',(0.,-1.,0.));
#3382=DIRECTION('',(0.,0.,-1.));
#3383=DIRECTION('',(0.,1.,0.));
#3384=DIRECTION('center_axis',(-1.,-1.62609999622873E-16,0.));
#3385=DIRECTION('ref_axis',(-1.62609999622873E-16,1.,0.));
#3386=DIRECTION('',(-1.62609999622873E-16,1.,0.));
#3387=DIRECTION('',(0.,0.,1.));
#3388=DIRECTION('',(0.,-1.,0.));
#3389=DIRECTION('',(1.26217744835362E-31,-7.11418748350067E-16,-1.));
#3390=DIRECTION('',(1.62609999622873E-16,-1.,0.));
#3391=DIRECTION('',(0.,0.,-1.));
#3392=DIRECTION('center_axis',(1.,1.62609999622873E-16,0.));
#3393=DIRECTION('ref_axis',(-1.62609999622873E-16,1.,0.));
#3394=DIRECTION('center_axis',(0.,0.,-1.));
#3395=DIRECTION('ref_axis',(-1.,0.,0.));
#3396=DIRECTION('',(0.,-1.,0.));
#3397=DIRECTION('',(-1.,0.,0.));
#3398=DIRECTION('',(-1.,0.,0.));
#3399=DIRECTION('',(-0.325568154457151,-0.945518575599319,0.));
#3400=DIRECTION('center_axis',(-1.,0.,0.));
#3401=DIRECTION('ref_axis',(0.,0.,-1.));
#3402=DIRECTION('',(0.,1.,0.));
#3403=DIRECTION('',(0.,-2.32919133426445E-15,1.));
#3404=DIRECTION('',(0.,1.,0.));
#3405=DIRECTION('',(0.,-7.11418748350067E-16,1.));
#3406=DIRECTION('',(0.,-1.,0.));
#3407=DIRECTION('',(0.,0.,1.));
#3408=DIRECTION('center_axis',(1.,0.,0.));
#3409=DIRECTION('ref_axis',(0.,0.,-1.));
#3410=DIRECTION('',(0.,-1.,0.));
#3411=DIRECTION('',(0.,0.,1.));
#3412=DIRECTION('',(0.,1.,0.));
#3413=DIRECTION('',(0.,0.,1.));
#3414=DIRECTION('',(0.,-1.,0.));
#3415=DIRECTION('',(0.,0.,1.));
#3416=DIRECTION('',(0.,0.,-1.));
#3417=DIRECTION('center_axis',(1.,0.,0.));
#3418=DIRECTION('ref_axis',(0.,0.,-1.));
#3419=DIRECTION('',(0.,-6.63069901374821E-17,1.));
#3420=DIRECTION('center_axis',(1.,0.,0.));
#3421=DIRECTION('ref_axis',(0.,0.,-1.));
#3422=DIRECTION('',(0.,0.,-1.));
#3423=DIRECTION('center_axis',(0.,0.,1.));
#3424=DIRECTION('ref_axis',(-1.,0.,0.));
#3425=DIRECTION('',(0.,1.,0.));
#3426=DIRECTION('',(-1.,0.,0.));
#3427=DIRECTION('',(0.,1.,0.));
#3428=DIRECTION('center_axis',(0.,-1.,0.));
#3429=DIRECTION('ref_axis',(-1.,0.,1.48029736616687E-15));
#3430=DIRECTION('',(0.,-1.,0.));
#3431=DIRECTION('center_axis',(0.,-1.,0.));
#3432=DIRECTION('ref_axis',(-1.,0.,1.48029736616687E-15));
#3433=DIRECTION('',(0.,-1.,0.));
#3434=DIRECTION('center_axis',(-0.945518575599319,-0.325568154457151,0.));
#3435=DIRECTION('ref_axis',(-0.325568154457151,0.945518575599319,4.8193768155073E-16));
#3436=DIRECTION('center_axis',(-1.,-4.27987601992695E-16,0.));
#3437=DIRECTION('ref_axis',(-4.27987601992695E-16,1.,0.));
#3438=DIRECTION('',(0.,1.,0.));
#3439=DIRECTION('',(0.,0.,1.));
#3440=DIRECTION('',(-4.27987601992695E-16,1.,0.));
#3441=DIRECTION('',(0.,0.,-1.));
#3442=DIRECTION('',(4.27987601992695E-16,-1.,0.));
#3443=DIRECTION('',(0.,0.,1.));
#3444=DIRECTION('',(0.,0.,-1.));
#3445=DIRECTION('center_axis',(-1.,-4.27987601992695E-16,0.));
#3446=DIRECTION('ref_axis',(-4.27987601992695E-16,1.,0.));
#3447=DIRECTION('',(-2.83785697042943E-32,6.63069901374821E-17,-1.));
#3448=DIRECTION('center_axis',(-1.,-4.27987601992695E-16,0.));
#3449=DIRECTION('ref_axis',(-4.27987601992695E-16,1.,0.));
#3450=DIRECTION('',(0.,0.,-1.));
#3451=DIRECTION('center_axis',(0.,0.,-1.));
#3452=DIRECTION('ref_axis',(-1.,0.,0.));
#3453=DIRECTION('center_axis',(0.,0.,-1.));
#3454=DIRECTION('ref_axis',(-1.,0.,0.));
#3455=DIRECTION('',(0.,0.,-1.));
#3456=DIRECTION('',(0.,0.,-1.));
#3457=DIRECTION('',(0.,0.,-1.));
#3458=DIRECTION('center_axis',(0.,0.,-1.));
#3459=DIRECTION('ref_axis',(-1.,0.,0.));
#3460=DIRECTION('',(0.,0.,1.));
#3461=DIRECTION('center_axis',(0.,0.,-1.));
#3462=DIRECTION('ref_axis',(-1.,0.,0.));
#3463=DIRECTION('center_axis',(0.,0.,-1.));
#3464=DIRECTION('ref_axis',(-1.,0.,0.));
#3465=DIRECTION('',(-1.,-2.10269512239613E-16,0.));
#3466=DIRECTION('',(1.,0.,0.));
#3467=DIRECTION('',(0.325568154457151,-0.945518575599319,0.));
#3468=DIRECTION('',(-1.,0.,0.));
#3469=DIRECTION('',(0.,1.,0.));
#3470=DIRECTION('',(-1.,0.,0.));
#3471=DIRECTION('',(-1.,0.,0.));
#3472=DIRECTION('',(0.325568154457151,0.945518575599319,0.));
#3473=DIRECTION('',(1.,4.85394181515443E-16,0.));
#3474=DIRECTION('center_axis',(-1.,0.,0.));
#3475=DIRECTION('ref_axis',(0.,0.,-1.));
#3476=DIRECTION('',(0.,-1.,0.));
#3477=DIRECTION('',(0.,-7.11418748350067E-16,1.));
#3478=DIRECTION('',(0.,1.,0.));
#3479=DIRECTION('',(0.,-2.32919133426445E-15,1.));
#3480=DIRECTION('',(0.,0.,1.));
#3481=DIRECTION('center_axis',(0.,0.,-1.));
#3482=DIRECTION('ref_axis',(-1.,0.,0.));
#3483=DIRECTION('',(1.62609999622873E-16,1.,0.));
#3484=DIRECTION('',(-1.,0.,0.));
#3485=DIRECTION('',(-1.,0.,0.));
#3486=DIRECTION('center_axis',(1.,-1.62609999622873E-16,0.));
#3487=DIRECTION('ref_axis',(-1.62609999622873E-16,-1.,0.));
#3488=DIRECTION('',(-1.62609999622873E-16,-1.,0.));
#3489=DIRECTION('',(0.,0.,-1.));
#3490=DIRECTION('',(0.,-1.,0.));
#3491=DIRECTION('',(1.26217744835362E-31,7.11418748350067E-16,-1.));
#3492=DIRECTION('',(0.,0.,-1.));
#3493=DIRECTION('center_axis',(-1.,1.62609999622873E-16,0.));
#3494=DIRECTION('ref_axis',(-1.62609999622873E-16,-1.,0.));
#3495=DIRECTION('center_axis',(0.,0.,1.));
#3496=DIRECTION('ref_axis',(1.,0.,0.));
#3497=DIRECTION('',(0.,1.,0.));
#3498=DIRECTION('',(1.,0.,0.));
#3499=DIRECTION('',(1.,0.,0.));
#3500=DIRECTION('',(-0.325568154457151,0.945518575599319,0.));
#3501=DIRECTION('center_axis',(-1.,0.,0.));
#3502=DIRECTION('ref_axis',(0.,0.,-1.));
#3503=DIRECTION('',(0.,-1.,0.));
#3504=DIRECTION('',(0.,0.,-1.));
#3505=DIRECTION('',(0.,0.,1.));
#3506=DIRECTION('center_axis',(0.,0.,1.));
#3507=DIRECTION('ref_axis',(1.,0.,0.));
#3508=DIRECTION('',(0.,1.,0.));
#3509=DIRECTION('',(-1.,0.,0.));
#3510=DIRECTION('center_axis',(1.,0.,0.));
#3511=DIRECTION('ref_axis',(0.,0.,1.));
#3512=DIRECTION('',(0.,1.,0.));
#3513=DIRECTION('',(0.,0.,1.));
#3514=DIRECTION('center_axis',(0.,-1.,0.));
#3515=DIRECTION('ref_axis',(2.40548322002117E-15,0.,1.));
#3516=DIRECTION('',(0.,1.,0.));
#3517=DIRECTION('center_axis',(0.,-1.,0.));
#3518=DIRECTION('ref_axis',(2.40548322002117E-15,0.,1.));
#3519=DIRECTION('center_axis',(1.48029736616688E-15,0.,1.));
#3520=DIRECTION('ref_axis',(-1.,0.,1.48029736616688E-15));
#3521=DIRECTION('',(0.,-1.,0.));
#3522=DIRECTION('',(-1.,0.,1.48029736616688E-15));
#3523=DIRECTION('center_axis',(-1.,0.,0.));
#3524=DIRECTION('ref_axis',(0.,0.,-1.));
#3525=DIRECTION('',(0.,0.,1.));
#3526=DIRECTION('',(0.,1.,0.));
#3527=DIRECTION('',(0.,0.,1.));
#3528=DIRECTION('center_axis',(0.,-1.,0.));
#3529=DIRECTION('ref_axis',(-1.,0.,0.));
#3530=DIRECTION('center_axis',(0.,1.,0.));
#3531=DIRECTION('ref_axis',(-1.,0.,0.));
#3532=DIRECTION('',(0.,1.,0.));
#3533=DIRECTION('center_axis',(0.,1.,0.));
#3534=DIRECTION('ref_axis',(-1.,0.,0.));
#3535=DIRECTION('center_axis',(0.,-1.,0.));
#3536=DIRECTION('ref_axis',(-1.,0.,0.));
#3537=DIRECTION('center_axis',(0.,1.,0.));
#3538=DIRECTION('ref_axis',(-1.,0.,0.));
#3539=DIRECTION('',(0.,1.,0.));
#3540=DIRECTION('center_axis',(0.,-1.,0.));
#3541=DIRECTION('ref_axis',(-1.,0.,0.));
#3542=DIRECTION('center_axis',(0.,1.,0.));
#3543=DIRECTION('ref_axis',(-1.,0.,0.));
#3544=DIRECTION('',(0.,1.,0.));
#3545=DIRECTION('center_axis',(0.,-1.,0.));
#3546=DIRECTION('ref_axis',(-1.,0.,0.));
#3547=DIRECTION('center_axis',(0.,1.,0.));
#3548=DIRECTION('ref_axis',(-1.,0.,0.));
#3549=DIRECTION('',(0.,1.,0.));
#3550=DIRECTION('center_axis',(0.,1.,0.));
#3551=DIRECTION('ref_axis',(-1.,0.,0.));
#3552=DIRECTION('center_axis',(0.,-1.,0.));
#3553=DIRECTION('ref_axis',(5.92118946466754E-15,0.,-1.));
#3554=DIRECTION('',(0.,1.,0.));
#3555=DIRECTION('center_axis',(0.,-1.,0.));
#3556=DIRECTION('ref_axis',(5.92118946466754E-15,0.,-1.));
#3557=DIRECTION('center_axis',(0.945518575599319,0.325568154457151,0.));
#3558=DIRECTION('ref_axis',(0.325568154457151,-0.945518575599319,1.92775072620294E-15));
#3559=DIRECTION('',(0.,1.,0.));
#3560=DIRECTION('center_axis',(0.,-1.,0.));
#3561=DIRECTION('ref_axis',(5.92118946466754E-15,0.,-1.));
#3562=DIRECTION('center_axis',(-6.30891154862133E-17,0.,-1.));
#3563=DIRECTION('ref_axis',(-1.,0.,6.30891154862133E-17));
#3564=DIRECTION('',(0.,1.,0.));
#3565=DIRECTION('',(1.,0.,-6.30891154862133E-17));
#3566=DIRECTION('',(0.,-1.,0.));
#3567=DIRECTION('',(1.,0.,-6.30891154862133E-17));
#3568=DIRECTION('center_axis',(-1.,0.,0.));
#3569=DIRECTION('ref_axis',(0.,0.,-1.));
#3570=DIRECTION('',(0.,-1.,0.));
#3571=DIRECTION('',(0.,0.,-1.));
#3572=DIRECTION('',(0.,0.,-1.));
#3573=DIRECTION('',(0.,0.,1.));
#3574=DIRECTION('center_axis',(0.,0.,-1.));
#3575=DIRECTION('ref_axis',(1.,0.,0.));
#3576=DIRECTION('',(0.,-1.,0.));
#3577=DIRECTION('',(1.,0.,0.));
#3578=DIRECTION('',(1.,0.,0.));
#3579=DIRECTION('center_axis',(0.,0.,-1.));
#3580=DIRECTION('ref_axis',(-1.,0.,0.));
#3581=DIRECTION('',(0.00112391209682105,-0.00132335280477046,-0.999998492778341));
#3582=DIRECTION('',(0.00127762910853899,-0.00120109517483194,-0.999998462515939));
#3583=DIRECTION('',(0.00131076436725886,-0.0015425278370978,-0.999997951250224));
#3584=DIRECTION('center_axis',(0.000955852545659836,-0.00116436946292055,
-0.999998865294189));
#3585=DIRECTION('ref_axis',(-0.783652141757372,-0.621199903457844,-2.57497258735253E-5));
#3586=DIRECTION('',(-0.0015367107803817,0.00193912592604534,0.999996939150626));
#3587=DIRECTION('',(-0.00213951104971596,0.00342408335862474,0.999991849039592));
#3588=DIRECTION('',(-0.000914334361169295,0.00115442611688777,0.99999891564592));
#3589=DIRECTION('center_axis',(-0.00105420253484698,0.00133124354817111,
0.999998558222776));
#3590=DIRECTION('ref_axis',(-0.620811149985249,0.783958310435972,-0.00169810257906435));
#3591=DIRECTION('',(0.762143901709052,0.647407656031115,0.));
#3592=DIRECTION('center_axis',(-0.00115243087211252,0.00121200752659507,
0.999998601469442));
#3593=DIRECTION('ref_axis',(-0.684969274238348,-0.728571948799923,9.36550785101875E-5));
#3594=DIRECTION('',(0.684969163213615,0.728572059199665,0.));
#3595=DIRECTION('',(0.00111191861946798,-0.00130923105811311,-0.999998524774422));
#3596=DIRECTION('center_axis',(0.00105420253484698,-0.00133124354817111,
-0.999998558222776));
#3597=DIRECTION('ref_axis',(-0.999999444327369,0.,-0.00105420346898203));
#3598=DIRECTION('',(0.78395944072155,0.620812045069645,0.));
#3599=DIRECTION('center_axis',(-0.00105420253484698,0.00133124354817111,
0.999998558222776));
#3600=DIRECTION('ref_axis',(-0.620811149989348,0.783958310432726,-0.00169810257906435));
#3601=DIRECTION('',(0.783858748450596,0.620939177760161,0.));
#3602=DIRECTION('',(-0.000904577319127905,0.00114210700843397,0.999998938665164));
#3603=DIRECTION('',(0.848094371305466,0.529845201318259,0.));
#3604=DIRECTION('center_axis',(-0.000968649665963249,0.00137366380088641,
0.999998587381796));
#3605=DIRECTION('ref_axis',(-0.783858842706262,-0.620939051707826,9.36770240677977E-5));
#3606=DIRECTION('',(0.848022675206377,0.529959944086174,0.));
#3607=DIRECTION('',(-0.00211668022347204,0.00338754479891969,0.99999202207071));
#3608=DIRECTION('',(0.783821626113317,0.620986037231978,0.));
#3609=DIRECTION('center_axis',(0.000929053301883005,-0.00131723848113518,
-0.999998700870529));
#3610=DIRECTION('ref_axis',(-0.848022595158751,-0.529960064571618,-8.97745182137992E-5));
#3611=DIRECTION('',(-0.00152031230078373,0.00191843321187797,0.999997004127772));
#3612=DIRECTION('center_axis',(-0.000980801521218316,0.00115396179468018,
0.999998853199619));
#3613=DIRECTION('ref_axis',(0.999999519013432,0.,0.000980802174250265));
#3614=DIRECTION('',(0.761960823994571,0.647623117791138,0.));
#3615=DIRECTION('center_axis',(0.000980801521218316,-0.00115396179468018,
-0.999998853199619));
#3616=DIRECTION('ref_axis',(-0.64762237510182,0.761959950173255,-0.00151446341903846));
#3617=DIRECTION('',(0.762105153593487,0.647453268480627,0.));
#3618=DIRECTION('',(0.00129677696909349,-0.0015260672499963,-0.99999799474211));
#3619=DIRECTION('center_axis',(0.0011525107362917,-0.00121194717910959,
-0.999998601450541));
#3620=DIRECTION('ref_axis',(-0.762105048917607,-0.64745338491896,-9.36550785835277E-5));
#3621=DIRECTION('center_axis',(-0.728570939031738,0.684968110084445,-0.00175355802734648));
#3622=DIRECTION('ref_axis',(-0.00240683899717337,0.,0.999997103558826));
#3623=DIRECTION('center_axis',(0.,0.,-1.));
#3624=DIRECTION('ref_axis',(-1.,0.,0.));
#3625=DIRECTION('center_axis',(-0.000331583664006411,0.000371197811357467,
-0.999999876132222));
#3626=DIRECTION('ref_axis',(-0.758664943925562,-0.651481007216404,9.73257904585746E-6));
#3627=DIRECTION('',(0.000335764256823204,-0.000390976585571944,0.999999867199828));
#3628=DIRECTION('center_axis',(0.000325985668087489,-0.000364876356701757,
0.999999880299287));
#3629=DIRECTION('ref_axis',(-0.732560979420445,-0.680701411295013,-9.5674718090275E-6));
#3630=DIRECTION('',(-0.000350808825149142,0.000377562915165261,-0.999999867189698));
#3631=DIRECTION('center_axis',(0.651480445327811,-0.758665251448326,-0.000515364265604466));
#3632=DIRECTION('ref_axis',(-0.000791066114181452,0.,-0.999999687107153));
#3633=DIRECTION('',(0.758665352199215,0.651480531844537,0.));
#3634=DIRECTION('',(0.758665352186922,0.651480531858851,-3.66104053082318E-8));
#3635=DIRECTION('center_axis',(0.000340574446537856,-0.000366575529267061,
0.999999874815706));
#3636=DIRECTION('ref_axis',(0.999999942004514,0.,-0.00034057446942065));
#3637=DIRECTION('',(0.73256055268861,0.680701870604567,3.72437072208642E-8));
#3638=DIRECTION('center_axis',(-0.000335160232531063,0.000375201668992697,
-0.999999873445655));
#3639=DIRECTION('ref_axis',(-0.75866534893835,-0.651480535567617,9.83787174719692E-6));
#3640=DIRECTION('center_axis',(-0.680701780214408,0.732560455383956,0.00051538392131133));
#3641=DIRECTION('ref_axis',(0.000757135927315801,0.,0.999999713372553));
#3642=DIRECTION('',(0.732560552675545,0.680701870618629,0.));
#3643=DIRECTION('center_axis',(-0.00032047797152324,0.000373148407120199,
-0.999999879027061));
#3644=DIRECTION('ref_axis',(-0.999999948646926,0.,0.000320477993834876));
#3645=DIRECTION('center_axis',(0.00032950185356092,-0.000368812030310743,
0.9999998777031));
#3646=DIRECTION('ref_axis',(-0.732560555896737,-0.680701867083333,-9.67097780456576E-6));
#3647=DIRECTION('center_axis',(0.,-1.,-7.11418748350066E-16));
#3648=DIRECTION('ref_axis',(0.,7.11418748350067E-16,-1.));
#3649=DIRECTION('',(-1.,0.,0.));
#3650=DIRECTION('center_axis',(0.,-1.,-7.11418748350066E-16));
#3651=DIRECTION('ref_axis',(0.,7.11418748350067E-16,-1.));
#3652=DIRECTION('',(-1.,0.,0.));
#3653=DIRECTION('',(-1.,0.,0.));
#3654=DIRECTION('',(1.57772181044202E-31,-7.11418748350067E-16,1.));
#3655=DIRECTION('center_axis',(0.,0.,-1.));
#3656=DIRECTION('ref_axis',(-1.,0.,0.));
#3657=DIRECTION('',(1.62609999622873E-16,-1.,0.));
#3658=DIRECTION('',(-1.,0.,0.));
#3659=DIRECTION('center_axis',(-1.,0.,0.));
#3660=DIRECTION('ref_axis',(0.,0.,1.));
#3661=DIRECTION('',(0.,1.,0.));
#3662=DIRECTION('',(0.,-2.32919133426445E-15,-1.));
#3663=DIRECTION('',(0.,1.,0.));
#3664=DIRECTION('',(0.,-7.11418748350067E-16,-1.));
#3665=DIRECTION('',(0.,-1.,0.));
#3666=DIRECTION('',(0.,0.,1.));
#3667=DIRECTION('center_axis',(0.,0.,-1.));
#3668=DIRECTION('ref_axis',(-1.,0.,0.));
#3669=DIRECTION('',(-1.,0.,0.));
#3670=DIRECTION('',(1.62609999622873E-16,1.,0.));
#3671=DIRECTION('',(-1.,0.,0.));
#3672=DIRECTION('center_axis',(0.,1.,-7.11418748350066E-16));
#3673=DIRECTION('ref_axis',(0.,7.11418748350067E-16,1.));
#3674=DIRECTION('',(1.57772181044202E-31,7.11418748350067E-16,1.));
#3675=DIRECTION('',(-1.,0.,0.));
#3676=DIRECTION('center_axis',(0.,1.,-7.11418748350066E-16));
#3677=DIRECTION('ref_axis',(0.,7.11418748350067E-16,1.));
#3678=DIRECTION('',(-1.,0.,0.));
#3679=DIRECTION('',(0.,-7.11418748350067E-16,-1.));
#3680=DIRECTION('',(-1.,0.,0.));
#3681=DIRECTION('center_axis',(0.,0.,-1.));
#3682=DIRECTION('ref_axis',(-1.,0.,0.));
#3683=DIRECTION('',(0.,-1.,0.));
#3684=DIRECTION('',(-1.,0.,0.));
#3685=DIRECTION('center_axis',(-1.,0.,0.));
#3686=DIRECTION('ref_axis',(0.,0.,1.));
#3687=DIRECTION('',(0.,1.,0.));
#3688=DIRECTION('',(0.,-2.32919133426445E-15,-1.));
#3689=DIRECTION('',(0.,1.,0.));
#3690=DIRECTION('',(0.,0.,1.));
#3691=DIRECTION('center_axis',(-1.,0.,0.));
#3692=DIRECTION('ref_axis',(0.,0.,1.));
#3693=DIRECTION('',(0.,0.,1.));
#3694=DIRECTION('',(0.,-1.,0.));
#3695=DIRECTION('',(0.,0.,-1.));
#3696=DIRECTION('',(0.,-1.,0.));
#3697=DIRECTION('center_axis',(0.,1.,0.));
#3698=DIRECTION('ref_axis',(1.,0.,0.));
#3699=DIRECTION('',(-1.,0.,0.));
#3700=DIRECTION('',(1.,0.,0.));
#3701=DIRECTION('center_axis',(0.,0.,1.));
#3702=DIRECTION('ref_axis',(1.,0.,0.));
#3703=DIRECTION('',(1.,0.,0.));
#3704=DIRECTION('center_axis',(0.,0.,-1.));
#3705=DIRECTION('ref_axis',(-1.,0.,0.));
#3706=DIRECTION('',(-1.,0.,0.));
#3707=DIRECTION('center_axis',(1.,0.,0.));
#3708=DIRECTION('ref_axis',(0.,0.,-1.));
#3709=DIRECTION('',(0.,0.,-1.));
#3710=DIRECTION('',(0.,-1.,0.));
#3711=DIRECTION('',(0.,0.,1.));
#3712=DIRECTION('',(0.,-1.,0.));
#3713=DIRECTION('center_axis',(0.,1.,0.));
#3714=DIRECTION('ref_axis',(1.,0.,0.));
#3715=DIRECTION('',(1.,0.,0.));
#3716=DIRECTION('',(-1.,0.,0.));
#3717=DIRECTION('center_axis',(0.,0.,1.));
#3718=DIRECTION('ref_axis',(1.,0.,0.));
#3719=DIRECTION('',(1.,0.,0.));
#3720=DIRECTION('center_axis',(0.,0.,-1.));
#3721=DIRECTION('ref_axis',(-1.,0.,0.));
#3722=DIRECTION('',(-1.,0.,0.));
#3723=DIRECTION('center_axis',(0.,0.,1.));
#3724=DIRECTION('ref_axis',(1.,0.,0.));
#3725=DIRECTION('',(1.,0.,0.));
#3726=DIRECTION('',(-1.,0.,0.));
#3727=DIRECTION('',(0.,-1.,0.));
#3728=DIRECTION('center_axis',(0.,0.,-1.));
#3729=DIRECTION('ref_axis',(-1.,0.,0.));
#3730=DIRECTION('',(0.,-1.,0.));
#3731=DIRECTION('',(-1.,0.,0.));
#3732=DIRECTION('',(1.,0.,0.));
#3733=DIRECTION('center_axis',(1.,0.,-3.89522052328555E-17));
#3734=DIRECTION('ref_axis',(-3.89522052328555E-17,0.,-1.));
#3735=DIRECTION('',(0.,-1.,0.));
#3736=DIRECTION('',(-3.89522052328555E-17,0.,-1.));
#3737=DIRECTION('',(0.,-1.,0.));
#3738=DIRECTION('center_axis',(0.,0.,1.));
#3739=DIRECTION('ref_axis',(1.,0.,0.));
#3740=DIRECTION('',(1.,0.,0.));
#3741=DIRECTION('',(0.,-1.,0.));
#3742=DIRECTION('',(-1.,-2.10269512239613E-16,0.));
#3743=DIRECTION('center_axis',(0.,0.,-1.));
#3744=DIRECTION('ref_axis',(-1.,0.,0.));
#3745=DIRECTION('',(0.,-1.,0.));
#3746=DIRECTION('',(-1.,0.,0.));
#3747=DIRECTION('',(1.,2.10269512239613E-16,0.));
#3748=DIRECTION('center_axis',(-1.,0.,1.29840684109518E-17));
#3749=DIRECTION('ref_axis',(1.29840684109518E-17,0.,1.));
#3750=DIRECTION('',(1.29840684109518E-17,0.,1.));
#3751=DIRECTION('',(0.,0.,-1.));
#3752=DIRECTION('center_axis',(2.10269512239613E-16,-1.,0.));
#3753=DIRECTION('ref_axis',(-1.,-2.10269512239613E-16,0.));
#3754=DIRECTION('',(0.,0.,-1.));
#3755=DIRECTION('',(-1.,-2.10269512239613E-16,0.));
#3756=DIRECTION('center_axis',(-1.,-1.62609999622873E-16,0.));
#3757=DIRECTION('ref_axis',(-1.62609999622873E-16,1.,0.));
#3758=DIRECTION('',(0.,0.,1.));
#3759=DIRECTION('',(-1.62609999622873E-16,1.,0.));
#3760=DIRECTION('center_axis',(1.,1.62609999622873E-16,0.));
#3761=DIRECTION('ref_axis',(-1.62609999622873E-16,1.,0.));
#3762=DIRECTION('',(0.,0.,-1.));
#3763=DIRECTION('center_axis',(0.,0.,-1.));
#3764=DIRECTION('ref_axis',(-1.,0.,0.));
#3765=DIRECTION('',(-1.62609999622873E-16,-1.,0.));
#3766=DIRECTION('',(-1.,0.,0.));
#3767=DIRECTION('',(-0.325568154457151,0.945518575599319,0.));
#3768=DIRECTION('',(-1.,0.,0.));
#3769=DIRECTION('center_axis',(2.10269512239613E-16,-1.,0.));
#3770=DIRECTION('ref_axis',(-1.,-2.10269512239613E-16,0.));
#3771=DIRECTION('',(0.,0.,-1.));
#3772=DIRECTION('center_axis',(0.,1.,0.));
#3773=DIRECTION('ref_axis',(1.,0.,0.));
#3774=DIRECTION('center_axis',(0.,0.,1.));
#3775=DIRECTION('ref_axis',(1.,0.,0.));
#3776=DIRECTION('',(1.,0.,0.));
#3777=DIRECTION('',(-0.325568154457151,-0.945518575599319,0.));
#3778=DIRECTION('',(1.,0.,0.));
#3779=DIRECTION('center_axis',(0.,1.,0.));
#3780=DIRECTION('ref_axis',(1.,0.,0.));
#3781=DIRECTION('',(-1.,0.,0.));
#3782=DIRECTION('center_axis',(0.,0.,-1.));
#3783=DIRECTION('ref_axis',(-1.,0.,0.));
#3784=DIRECTION('',(-1.,0.,0.));
#3785=DIRECTION('',(0.325568154457151,-0.945518575599319,0.));
#3786=DIRECTION('',(-1.,0.,0.));
#3787=DIRECTION('center_axis',(0.,0.,-1.));
#3788=DIRECTION('ref_axis',(-1.,0.,0.));
#3789=DIRECTION('',(-1.,-4.85394181515443E-16,0.));
#3790=DIRECTION('',(0.325568154457151,0.945518575599319,0.));
#3791=DIRECTION('',(-1.,0.,0.));
#3792=DIRECTION('center_axis',(1.,-1.62609999622873E-16,0.));
#3793=DIRECTION('ref_axis',(-1.62609999622873E-16,-1.,0.));
#3794=DIRECTION('',(0.,0.,-1.));
#3795=DIRECTION('center_axis',(-1.,1.62609999622873E-16,0.));
#3796=DIRECTION('ref_axis',(-1.62609999622873E-16,-1.,0.));
#3797=DIRECTION('',(0.,0.,-1.));
#3798=DIRECTION('center_axis',(0.,0.,-1.));
#3799=DIRECTION('ref_axis',(-1.,0.,0.));
#3800=DIRECTION('',(0.,0.,-1.));
#3801=DIRECTION('center_axis',(0.,1.,0.));
#3802=DIRECTION('ref_axis',(1.,0.,0.));
#3803=DIRECTION('',(0.,0.,-1.));
#3804=DIRECTION('center_axis',(0.,1.,0.));
#3805=DIRECTION('ref_axis',(1.,0.,0.));
#3806=DIRECTION('center_axis',(0.,1.,0.));
#3807=DIRECTION('ref_axis',(1.,0.,0.));
#3808=DIRECTION('center_axis',(-1.,0.,0.));
#3809=DIRECTION('ref_axis',(0.,0.,1.));
#3810=DIRECTION('',(0.,0.,-1.));
#3811=DIRECTION('center_axis',(0.,1.,0.));
#3812=DIRECTION('ref_axis',(1.,0.,0.));
#3813=DIRECTION('center_axis',(0.,1.,0.));
#3814=DIRECTION('ref_axis',(1.,0.,0.));
#3815=DIRECTION('',(1.,0.,0.));
#3816=DIRECTION('center_axis',(0.,-1.,0.));
#3817=DIRECTION('ref_axis',(1.,0.,0.));
#3818=DIRECTION('',(0.,0.,1.));
#3819=DIRECTION('center_axis',(0.,1.,0.));
#3820=DIRECTION('ref_axis',(1.,0.,0.));
#3821=DIRECTION('center_axis',(0.,1.,0.));
#3822=DIRECTION('ref_axis',(1.,0.,0.));
#3823=DIRECTION('center_axis',(1.,0.,0.));
#3824=DIRECTION('ref_axis',(0.,0.,1.));
#3825=DIRECTION('',(0.,-1.,0.));
#3826=DIRECTION('',(0.,0.,1.));
#3827=DIRECTION('center_axis',(0.,-1.,0.));
#3828=DIRECTION('ref_axis',(1.,0.,0.));
#3829=DIRECTION('',(0.,1.,0.));
#3830=DIRECTION('center_axis',(0.,-1.,0.));
#3831=DIRECTION('ref_axis',(1.,0.,0.));
#3832=DIRECTION('center_axis',(0.,0.,-1.));
#3833=DIRECTION('ref_axis',(1.,0.,0.));
#3834=DIRECTION('',(1.,0.,0.));
#3835=DIRECTION('center_axis',(0.,0.,-1.));
#3836=DIRECTION('ref_axis',(-1.,0.,0.));
#3837=DIRECTION('',(1.,0.,0.));
#3838=DIRECTION('center_axis',(0.,-1.,-6.63069901374821E-17));
#3839=DIRECTION('ref_axis',(0.,6.63069901374821E-17,-1.));
#3840=DIRECTION('',(1.,0.,0.));
#3841=DIRECTION('',(-1.,0.,0.));
#3842=DIRECTION('center_axis',(0.,1.,0.));
#3843=DIRECTION('ref_axis',(1.,0.,0.));
#3844=DIRECTION('',(1.,0.,0.));
#3845=DIRECTION('',(0.,0.,-1.));
#3846=DIRECTION('center_axis',(-0.945518575599319,-0.325568154457151,0.));
#3847=DIRECTION('ref_axis',(-0.325568154457151,0.945518575599319,0.));
#3848=DIRECTION('center_axis',(0.945518575599316,0.325568154457161,-8.28239030777896E-15));
#3849=DIRECTION('ref_axis',(0.325568154457161,-0.945518575599316,-4.39092065969645E-12));
#3850=DIRECTION('',(0.,0.,-1.));
#3851=DIRECTION('center_axis',(-0.945518575599319,-0.325568154457151,0.));
#3852=DIRECTION('ref_axis',(-0.325568154457151,0.945518575599319,0.));
#3853=DIRECTION('center_axis',(0.,1.,0.));
#3854=DIRECTION('ref_axis',(1.,0.,0.));
#3855=DIRECTION('',(-1.,0.,0.));
#3856=DIRECTION('center_axis',(1.,0.,0.));
#3857=DIRECTION('ref_axis',(0.,0.,-1.));
#3858=DIRECTION('center_axis',(-1.,0.,0.));
#3859=DIRECTION('ref_axis',(0.,0.,1.));
#3860=DIRECTION('center_axis',(-0.945518575599319,-0.325568154457151,0.));
#3861=DIRECTION('ref_axis',(-0.325568154457151,0.945518575599319,0.));
#3862=DIRECTION('center_axis',(-1.,0.,0.));
#3863=DIRECTION('ref_axis',(0.,0.,1.));
#3864=DIRECTION('center_axis',(0.945518575599319,0.32556815445715,-3.46045074503078E-15));
#3865=DIRECTION('ref_axis',(0.32556815445715,-0.945518575599319,-6.38089455473464E-13));
#3866=DIRECTION('center_axis',(-1.,0.,0.));
#3867=DIRECTION('ref_axis',(0.,0.,1.));
#3868=DIRECTION('center_axis',(0.,1.,0.));
#3869=DIRECTION('ref_axis',(0.,0.,1.));
#3870=DIRECTION('',(1.,0.,-6.10089911144025E-17));
#3871=DIRECTION('center_axis',(-0.945518575599319,-0.325568154457151,0.));
#3872=DIRECTION('ref_axis',(-0.325568154457151,0.945518575599319,0.));
#3873=DIRECTION('center_axis',(-1.,0.,0.));
#3874=DIRECTION('ref_axis',(0.,0.,1.));
#3875=DIRECTION('center_axis',(-0.945518575599317,0.325568154457156,3.2902646428162E-15));
#3876=DIRECTION('ref_axis',(0.325568154457156,0.945518575599317,-2.94034865604888E-12));
#3877=DIRECTION('',(1.,0.,0.));
#3878=DIRECTION('center_axis',(-1.,-4.85394181515443E-16,0.));
#3879=DIRECTION('ref_axis',(-4.85394181515443E-16,1.,0.));
#3880=DIRECTION('',(1.,4.85394181515443E-16,0.));
#3881=DIRECTION('center_axis',(0.945518575599319,-0.325568154457151,0.));
#3882=DIRECTION('ref_axis',(0.325568154457151,0.945518575599319,0.));
#3883=DIRECTION('center_axis',(0.945518575599319,-0.325568154457151,0.));
#3884=DIRECTION('ref_axis',(-0.325568154457151,-0.945518575599319,0.));
#3885=DIRECTION('',(0.,0.,-1.));
#3886=DIRECTION('center_axis',(0.,1.,0.));
#3887=DIRECTION('ref_axis',(1.,0.,0.));
#3888=DIRECTION('center_axis',(0.,-1.,-6.63069901374821E-17));
#3889=DIRECTION('ref_axis',(0.,6.63069901374821E-17,-1.));
#3890=DIRECTION('',(-1.,-4.85394181515443E-16,0.));
#3891=DIRECTION('center_axis',(0.,1.,0.));
#3892=DIRECTION('ref_axis',(1.,0.,0.));
#3893=DIRECTION('',(-1.,0.,0.));
#3894=DIRECTION('',(0.,0.,-1.));
#3895=DIRECTION('center_axis',(0.945518575599319,-0.325568154457151,0.));
#3896=DIRECTION('ref_axis',(-0.325568154457151,-0.945518575599319,0.));
#3897=DIRECTION('center_axis',(-0.945518575599316,0.325568154457158,-5.75796312492835E-15));
#3898=DIRECTION('ref_axis',(0.325568154457158,0.945518575599316,2.38066849807028E-12));
#3899=DIRECTION('center_axis',(0.945518575599319,-0.325568154457151,0.));
#3900=DIRECTION('ref_axis',(-0.325568154457151,-0.945518575599319,0.));
#3901=DIRECTION('center_axis',(1.,4.85394181515443E-16,0.));
#3902=DIRECTION('ref_axis',(4.85394181515443E-16,-1.,0.));
#3903=DIRECTION('center_axis',(-1.,0.,0.));
#3904=DIRECTION('ref_axis',(0.,0.,1.));
#3905=DIRECTION('center_axis',(0.,0.,1.));
#3906=DIRECTION('ref_axis',(1.,0.,0.));
#3907=DIRECTION('',(-1.,0.,0.));
#3908=DIRECTION('center_axis',(0.,1.,0.));
#3909=DIRECTION('ref_axis',(1.,0.,0.));
#3910=DIRECTION('center_axis',(0.,0.,1.));
#3911=DIRECTION('ref_axis',(-1.,0.,0.));
#3912=DIRECTION('',(1.,0.,0.));
#3913=DIRECTION('',(0.,-1.,0.));
#3914=DIRECTION('',(-1.,0.,0.));
#3915=DIRECTION('',(0.,-1.,0.));
#3916=DIRECTION('center_axis',(0.,-1.,0.));
#3917=DIRECTION('ref_axis',(3.22973970800045E-15,0.,1.));
#3918=DIRECTION('center_axis',(0.,1.,0.));
#3919=DIRECTION('ref_axis',(3.22973970800045E-15,0.,1.));
#3920=DIRECTION('center_axis',(0.,-1.,0.));
#3921=DIRECTION('ref_axis',(3.22973970800045E-15,0.,1.));
#3922=DIRECTION('',(0.,-1.,0.));
#3923=DIRECTION('center_axis',(1.,0.,0.));
#3924=DIRECTION('ref_axis',(0.,0.,1.));
#3925=DIRECTION('',(0.,0.,-1.));
#3926=DIRECTION('',(0.,0.,1.));
#3927=DIRECTION('',(0.,-1.,0.));
#3928=DIRECTION('center_axis',(1.29868150271861E-16,0.,1.));
#3929=DIRECTION('ref_axis',(-1.,0.,1.29868150271861E-16));
#3930=DIRECTION('',(1.,0.,-1.29868150271861E-16));
#3931=DIRECTION('',(-1.,0.,1.29868150271861E-16));
#3932=DIRECTION('',(0.,-1.,0.));
#3933=DIRECTION('center_axis',(-1.,0.,0.));
#3934=DIRECTION('ref_axis',(0.,0.,-1.));
#3935=DIRECTION('',(0.,0.,1.));
#3936=DIRECTION('',(0.,0.,-1.));
#3937=DIRECTION('',(0.,-1.,0.));
#3938=DIRECTION('center_axis',(0.,-1.,0.));
#3939=DIRECTION('ref_axis',(-1.,0.,8.0743492700011E-16));
#3940=DIRECTION('center_axis',(0.,1.,0.));
#3941=DIRECTION('ref_axis',(-1.,0.,8.0743492700011E-16));
#3942=DIRECTION('center_axis',(0.,-1.,0.));
#3943=DIRECTION('ref_axis',(-1.,0.,8.0743492700011E-16));
#3944=DIRECTION('',(0.,-1.,0.));
#3945=DIRECTION('center_axis',(1.11022302462511E-14,0.,1.));
#3946=DIRECTION('ref_axis',(-1.,0.,1.11022302462511E-14));
#3947=DIRECTION('',(1.,0.,-1.11022302462511E-14));
#3948=DIRECTION('',(-1.,0.,1.11022302462511E-14));
#3949=DIRECTION('',(0.,-1.,0.));
#3950=DIRECTION('center_axis',(-1.,0.,0.));
#3951=DIRECTION('ref_axis',(0.,0.,-1.));
#3952=DIRECTION('',(0.,0.,1.));
#3953=DIRECTION('',(0.,0.,-1.));
#3954=DIRECTION('',(0.,-1.,0.));
#3955=DIRECTION('center_axis',(0.,0.,-1.));
#3956=DIRECTION('ref_axis',(1.,0.,0.));
#3957=DIRECTION('',(-1.,0.,0.));
#3958=DIRECTION('',(1.,0.,0.));
#3959=DIRECTION('',(0.,-1.,0.));
#3960=DIRECTION('center_axis',(0.,-1.,0.));
#3961=DIRECTION('ref_axis',(0.,0.,-1.));
#3962=DIRECTION('center_axis',(0.,1.,0.));
#3963=DIRECTION('ref_axis',(0.,0.,-1.));
#3964=DIRECTION('center_axis',(0.,-1.,0.));
#3965=DIRECTION('ref_axis',(0.,0.,-1.));
#3966=DIRECTION('',(0.,-1.,0.));
#3967=DIRECTION('center_axis',(-1.,0.,0.));
#3968=DIRECTION('ref_axis',(0.,0.,-1.));
#3969=DIRECTION('',(0.,0.,1.));
#3970=DIRECTION('',(0.,0.,-1.));
#3971=DIRECTION('',(0.,-1.,0.));
#3972=DIRECTION('center_axis',(-1.29868150271861E-16,0.,-1.));
#3973=DIRECTION('ref_axis',(1.,0.,-1.29868150271861E-16));
#3974=DIRECTION('',(-1.,0.,1.29868150271861E-16));
#3975=DIRECTION('',(1.,0.,-1.29868150271861E-16));
#3976=DIRECTION('',(0.,-1.,0.));
#3977=DIRECTION('center_axis',(1.,0.,0.));
#3978=DIRECTION('ref_axis',(0.,0.,1.));
#3979=DIRECTION('',(0.,0.,-1.));
#3980=DIRECTION('',(0.,0.,1.));
#3981=DIRECTION('',(0.,-1.,0.));
#3982=DIRECTION('center_axis',(0.,-1.,0.));
#3983=DIRECTION('ref_axis',(1.,0.,-1.61486985400023E-15));
#3984=DIRECTION('center_axis',(0.,1.,0.));
#3985=DIRECTION('ref_axis',(1.,0.,-1.61486985400023E-15));
#3986=DIRECTION('center_axis',(0.,-1.,0.));
#3987=DIRECTION('ref_axis',(1.,0.,-1.61486985400023E-15));
#3988=DIRECTION('',(0.,-1.,0.));
#3989=DIRECTION('center_axis',(1.11022302462513E-14,0.,-1.));
#3990=DIRECTION('ref_axis',(1.,0.,1.11022302462513E-14));
#3991=DIRECTION('',(-1.,0.,-1.11022302462513E-14));
#3992=DIRECTION('',(1.,0.,1.11022302462513E-14));
#3993=DIRECTION('',(0.,-1.,0.));
#3994=DIRECTION('center_axis',(1.,0.,0.));
#3995=DIRECTION('ref_axis',(0.,0.,1.));
#3996=DIRECTION('',(0.,0.,-1.));
#3997=DIRECTION('',(0.,0.,1.));
#3998=DIRECTION('center_axis',(1.,0.,8.07434927000108E-15));
#3999=DIRECTION('ref_axis',(-8.07434927000108E-15,0.,1.));
#4000=DIRECTION('',(8.07434927000108E-15,0.,-1.));
#4001=DIRECTION('',(0.,-1.,0.));
#4002=DIRECTION('',(-8.07434927000108E-15,0.,1.));
#4003=DIRECTION('',(0.,-1.,0.));
#4004=DIRECTION('center_axis',(0.,-1.,0.));
#4005=DIRECTION('ref_axis',(0.,0.,-1.));
#4006=DIRECTION('center_axis',(0.,-1.,0.));
#4007=DIRECTION('ref_axis',(0.,0.,-1.));
#4008=DIRECTION('center_axis',(0.,1.,0.));
#4009=DIRECTION('ref_axis',(0.,0.,-1.));
#4010=DIRECTION('',(0.,-1.,0.));
#4011=DIRECTION('center_axis',(0.,0.,1.));
#4012=DIRECTION('ref_axis',(-1.,0.,0.));
#4013=DIRECTION('',(1.,0.,0.));
#4014=DIRECTION('',(-1.,0.,0.));
#4015=DIRECTION('',(0.,-1.,0.));
#4016=DIRECTION('center_axis',(1.,0.,0.));
#4017=DIRECTION('ref_axis',(0.,0.,1.));
#4018=DIRECTION('',(0.,0.,-1.));
#4019=DIRECTION('',(0.,0.,1.));
#4020=DIRECTION('',(0.,-1.,0.));
#4021=DIRECTION('center_axis',(-6.05576195250088E-15,0.,-1.));
#4022=DIRECTION('ref_axis',(1.,0.,-6.05576195250088E-15));
#4023=DIRECTION('',(-1.,0.,6.05576195250088E-15));
#4024=DIRECTION('',(1.,0.,-6.05576195250088E-15));
#4025=DIRECTION('',(0.,-1.,0.));
#4026=DIRECTION('center_axis',(0.,-1.,0.));
#4027=DIRECTION('ref_axis',(-1.,0.,9.86864910777911E-16));
#4028=DIRECTION('center_axis',(0.,-1.,0.));
#4029=DIRECTION('ref_axis',(-1.,0.,9.86864910777911E-16));
#4030=DIRECTION('center_axis',(0.,1.,0.));
#4031=DIRECTION('ref_axis',(-1.,0.,9.86864910777911E-16));
#4032=DIRECTION('',(0.,-1.,0.));
#4033=DIRECTION('center_axis',(1.,0.,0.));
#4034=DIRECTION('ref_axis',(0.,0.,1.));
#4035=DIRECTION('',(0.,0.,-1.));
#4036=DIRECTION('',(0.,0.,1.));
#4037=DIRECTION('',(0.,-1.,0.));
#4038=DIRECTION('center_axis',(-1.26178230972427E-16,0.,-1.));
#4039=DIRECTION('ref_axis',(1.,0.,-1.26178230972427E-16));
#4040=DIRECTION('',(-1.,0.,1.26178230972427E-16));
#4041=DIRECTION('',(1.,0.,-1.26178230972427E-16));
#4042=DIRECTION('',(0.,-1.,0.));
#4043=DIRECTION('center_axis',(-1.,0.,-8.07434927000115E-15));
#4044=DIRECTION('ref_axis',(8.07434927000115E-15,0.,-1.));
#4045=DIRECTION('',(-8.07434927000115E-15,0.,1.));
#4046=DIRECTION('',(8.07434927000115E-15,0.,-1.));
#4047=DIRECTION('',(0.,-1.,0.));
#4048=DIRECTION('center_axis',(0.,-1.,0.));
#4049=DIRECTION('ref_axis',(3.94745964311166E-15,0.,1.));
#4050=DIRECTION('center_axis',(0.,-1.,0.));
#4051=DIRECTION('ref_axis',(3.94745964311166E-15,0.,1.));
#4052=DIRECTION('center_axis',(0.,1.,0.));
#4053=DIRECTION('ref_axis',(3.94745964311166E-15,0.,1.));
#4054=DIRECTION('',(0.,-1.,0.));
#4055=DIRECTION('center_axis',(-2.01858731750028E-15,0.,-1.));
#4056=DIRECTION('ref_axis',(1.,0.,-2.01858731750028E-15));
#4057=DIRECTION('',(-1.,0.,2.01858731750028E-15));
#4058=DIRECTION('',(1.,0.,-2.01858731750028E-15));
#4059=DIRECTION('',(0.,-1.,0.));
#4060=DIRECTION('center_axis',(-1.,0.,0.));
#4061=DIRECTION('ref_axis',(0.,0.,-1.));
#4062=DIRECTION('',(0.,0.,1.));
#4063=DIRECTION('',(0.,0.,-1.));
#4064=DIRECTION('',(0.,-1.,0.));
#4065=DIRECTION('center_axis',(-8.07434927000112E-15,0.,1.));
#4066=DIRECTION('ref_axis',(-1.,0.,-8.07434927000112E-15));
#4067=DIRECTION('',(1.,0.,8.07434927000112E-15));
#4068=DIRECTION('',(-1.,0.,-8.07434927000112E-15));
#4069=DIRECTION('',(0.,-1.,0.));
#4070=DIRECTION('center_axis',(0.,-1.,0.));
#4071=DIRECTION('ref_axis',(1.,0.,0.));
#4072=DIRECTION('center_axis',(0.,-1.,0.));
#4073=DIRECTION('ref_axis',(1.,0.,0.));
#4074=DIRECTION('center_axis',(0.,1.,0.));
#4075=DIRECTION('ref_axis',(1.,0.,0.));
#4076=DIRECTION('',(0.,-1.,0.));
#4077=DIRECTION('center_axis',(-1.,0.,8.07434927000112E-15));
#4078=DIRECTION('ref_axis',(-8.07434927000112E-15,0.,-1.));
#4079=DIRECTION('',(8.07434927000112E-15,0.,1.));
#4080=DIRECTION('',(-8.07434927000112E-15,0.,-1.));
#4081=DIRECTION('',(0.,-1.,0.));
#4082=DIRECTION('center_axis',(1.26178230972427E-16,0.,1.));
#4083=DIRECTION('ref_axis',(-1.,0.,1.26178230972427E-16));
#4084=DIRECTION('',(1.,0.,-1.26178230972427E-16));
#4085=DIRECTION('',(-1.,0.,1.26178230972427E-16));
#4086=DIRECTION('center_axis',(0.,1.,0.));
#4087=DIRECTION('ref_axis',(-1.,0.,0.));
#4088=DIRECTION('center_axis',(0.,1.,0.));
#4089=DIRECTION('ref_axis',(-1.,0.,0.));
#4090=DIRECTION('',(-1.,0.,0.));
#4091=DIRECTION('',(0.,0.,-1.));
#4092=DIRECTION('',(1.,0.,0.));
#4093=DIRECTION('',(0.,0.,1.));
#4094=DIRECTION('center_axis',(0.,-1.,0.));
#4095=DIRECTION('ref_axis',(-1.,0.,0.));
#4096=DIRECTION('center_axis',(0.,-1.,0.));
#4097=DIRECTION('ref_axis',(-1.,0.,0.));
#4098=DIRECTION('center_axis',(0.,-1.,0.));
#4099=DIRECTION('ref_axis',(-1.,0.,0.));
#4100=DIRECTION('center_axis',(0.,-1.,0.));
#4101=DIRECTION('ref_axis',(-1.,0.,0.));
#4102=DIRECTION('center_axis',(0.,1.,0.));
#4103=DIRECTION('ref_axis',(0.,0.,-1.));
#4104=DIRECTION('',(0.,0.,1.));
#4105=DIRECTION('',(1.,0.,0.));
#4106=DIRECTION('',(0.,0.,-1.));
#4107=DIRECTION('',(-1.,0.,0.));
#4108=DIRECTION('center_axis',(0.,1.,0.));
#4109=DIRECTION('ref_axis',(-1.,0.,0.));
#4110=DIRECTION('center_axis',(0.,1.,0.));
#4111=DIRECTION('ref_axis',(-1.,0.,0.));
#4112=DIRECTION('center_axis',(0.,1.,0.));
#4113=DIRECTION('ref_axis',(-1.,0.,0.));
#4114=DIRECTION('center_axis',(0.,1.,0.));
#4115=DIRECTION('ref_axis',(-1.,0.,0.));
#4116=DIRECTION('center_axis',(0.,1.,0.));
#4117=DIRECTION('ref_axis',(-1.,0.,0.));
#4118=DIRECTION('center_axis',(0.,1.,0.));
#4119=DIRECTION('ref_axis',(-1.,0.,0.));
#4120=DIRECTION('',(0.,-1.,0.));
#4121=DIRECTION('center_axis',(-1.,0.,0.));
#4122=DIRECTION('ref_axis',(0.,0.,1.));
#4123=DIRECTION('',(0.,1.,0.));
#4124=DIRECTION('',(0.,1.,0.));
#4125=DIRECTION('center_axis',(0.,0.,-1.));
#4126=DIRECTION('ref_axis',(-1.,0.,0.));
#4127=DIRECTION('',(0.,1.,0.));
#4128=DIRECTION('center_axis',(0.,1.,0.));
#4129=DIRECTION('ref_axis',(-1.,0.,0.));
#4130=DIRECTION('',(0.,-1.,0.));
#4131=DIRECTION('center_axis',(0.,0.,1.));
#4132=DIRECTION('ref_axis',(1.,0.,0.));
#4133=DIRECTION('',(0.,1.,0.));
#4134=DIRECTION('center_axis',(0.,1.,0.));
#4135=DIRECTION('ref_axis',(-1.,0.,0.));
#4136=DIRECTION('',(0.,-1.,0.));
#4137=DIRECTION('center_axis',(0.,1.,0.));
#4138=DIRECTION('ref_axis',(-1.,0.,0.));
#4139=DIRECTION('',(0.,-1.,0.));
#4140=DIRECTION('center_axis',(1.,0.,0.));
#4141=DIRECTION('ref_axis',(0.,0.,-1.));
#4142=CARTESIAN_POINT('',(0.,0.,0.));
#4143=CARTESIAN_POINT('Origin',(122.409219208802,41.2,0.999999999999996));
#4144=CARTESIAN_POINT('',(164.7,41.2,3.));
#4145=CARTESIAN_POINT('',(164.7,41.2,-1.));
#4146=CARTESIAN_POINT('Origin',(164.7,41.2,0.999999999999996));
#4147=CARTESIAN_POINT('',(166.2,41.2,3.));
#4148=CARTESIAN_POINT('',(122.409219208802,41.2,3.));
#4149=CARTESIAN_POINT('',(166.2,41.2,-1.));
#4150=CARTESIAN_POINT('Origin',(166.2,41.2,0.999999999999996));
#4151=CARTESIAN_POINT('',(122.409219208802,41.2,-1.));
#4152=CARTESIAN_POINT('Origin',(122.409219208802,41.2,0.999999999999996));
#4153=CARTESIAN_POINT('',(79.9092192088019,41.2,3.));
#4154=CARTESIAN_POINT('',(78.4092192088019,41.2,3.));
#4155=CARTESIAN_POINT('',(122.409219208802,41.2,3.));
#4156=CARTESIAN_POINT('',(79.9092192088019,41.2,-1.));
#4157=CARTESIAN_POINT('Origin',(79.9092192088019,41.2,0.999999999999996));
#4158=CARTESIAN_POINT('',(78.4092192088019,41.2,-1.));
#4159=CARTESIAN_POINT('',(122.409219208802,41.2,-1.));
#4160=CARTESIAN_POINT('Origin',(78.4092192088019,41.2,0.999999999999996));
#4161=CARTESIAN_POINT('Origin',(78.4092192088019,0.,-25.2));
#4162=CARTESIAN_POINT('',(78.4092192088019,41.2,-41.2));
#4163=CARTESIAN_POINT('',(78.4092192088019,41.2,-35.2));
#4164=CARTESIAN_POINT('',(78.4092192088019,0.,-41.2));
#4165=CARTESIAN_POINT('',(78.4092192088019,0.,-41.2));
#4166=CARTESIAN_POINT('',(78.4092192088019,0.,43.2));
#4167=CARTESIAN_POINT('',(78.4092192088019,0.,-9.6));
#4168=CARTESIAN_POINT('',(78.4092192088019,41.2,43.2));
#4169=CARTESIAN_POINT('',(78.4092192088019,5.3,43.2));
#4170=CARTESIAN_POINT('',(78.4092192088019,41.2,-35.2));
#4171=CARTESIAN_POINT('Origin',(129.804609604401,41.2,6.));
#4172=CARTESIAN_POINT('',(79.9092192088019,41.2,-33.));
#4173=CARTESIAN_POINT('',(79.9092192088019,41.2,13.0186868435502));
#4174=CARTESIAN_POINT('',(82.6092192088019,41.2,-33.));
#4175=CARTESIAN_POINT('',(106.206914406601,41.2,-33.));
#4176=CARTESIAN_POINT('',(86.6092192088019,41.2,-37.));
#4177=CARTESIAN_POINT('Origin',(82.6092192088019,41.2,-37.));
#4178=CARTESIAN_POINT('',(86.6092192088019,41.2,-39.7));
#4179=CARTESIAN_POINT('',(86.6092192088019,41.2,-17.));
#4180=CARTESIAN_POINT('',(158.,41.2,-39.7));
#4181=CARTESIAN_POINT('',(112.206914406601,41.2,-39.7));
#4182=CARTESIAN_POINT('',(158.,41.2,-37.));
#4183=CARTESIAN_POINT('',(158.,41.2,-15.5));
#4184=CARTESIAN_POINT('',(162.,41.2,-33.));
#4185=CARTESIAN_POINT('Origin',(162.,41.2,-37.));
#4186=CARTESIAN_POINT('',(164.7,41.2,-33.));
#4187=CARTESIAN_POINT('',(147.4023048022,41.2,-33.));
#4188=CARTESIAN_POINT('',(164.7,41.2,-17.));
#4189=CARTESIAN_POINT('',(166.2,41.2,-41.2));
#4190=CARTESIAN_POINT('',(166.2,41.2,37.2));
#4191=CARTESIAN_POINT('',(93.4092192088019,41.2,-41.2));
#4192=CARTESIAN_POINT('',(164.1,41.2,-37.));
#4193=CARTESIAN_POINT('Origin',(162.,41.2,-37.));
#4194=CARTESIAN_POINT('',(84.7092192088019,41.2,-37.));
#4195=CARTESIAN_POINT('Origin',(82.6092192088019,41.2,-37.));
#4196=CARTESIAN_POINT('Origin',(166.2,0.,37.2));
#4197=CARTESIAN_POINT('',(166.2,41.2,43.2));
#4198=CARTESIAN_POINT('',(166.2,41.2,37.2));
#4199=CARTESIAN_POINT('',(166.2,0.,43.2));
#4200=CARTESIAN_POINT('',(166.2,0.,43.2));
#4201=CARTESIAN_POINT('',(166.2,0.,-41.2));
#4202=CARTESIAN_POINT('',(166.2,0.,21.6));
#4203=CARTESIAN_POINT('',(166.2,0.,-41.2));
#4204=CARTESIAN_POINT('Origin',(146.7699,5.39100000000001,39.53));
#4205=CARTESIAN_POINT('',(146.7699,1.20000000000001,39.53));
#4206=CARTESIAN_POINT('',(146.7699,15.043,39.53));
#4207=CARTESIAN_POINT('',(146.7699,5.39100000000001,39.53));
#4208=CARTESIAN_POINT('',(146.7699,1.20000000000001,36.9791));
#4209=CARTESIAN_POINT('',(146.7699,1.2,22.765));
#4210=CARTESIAN_POINT('',(146.7699,2.24186858359244,36.9791));
#4211=CARTESIAN_POINT('',(146.7699,16.059,36.9791));
#4212=CARTESIAN_POINT('',(146.7699,2.24186858359244,37.2839));
#4213=CARTESIAN_POINT('',(146.7699,2.24186858359245,39.53));
#4214=CARTESIAN_POINT('',(146.7699,16.059,37.2839));
#4215=CARTESIAN_POINT('',(146.7699,5.39100000000001,37.2839));
#4216=CARTESIAN_POINT('',(146.7699,16.059,38.514));
#4217=CARTESIAN_POINT('',(146.7699,16.059,39.53));
#4218=CARTESIAN_POINT('Origin',(146.7699,15.043,38.514));
#4219=CARTESIAN_POINT('Origin',(159.0049,16.06,39.53));
#4220=CARTESIAN_POINT('',(138.3498,9.30641928831581,39.53));
#4221=CARTESIAN_POINT('',(138.3498,1.20000000000001,39.53));
#4222=CARTESIAN_POINT('',(138.3498,9.30641928831581,39.53));
#4223=CARTESIAN_POINT('',(144.4047548022,1.2,39.53));
#4224=CARTESIAN_POINT('',(140.325063144898,15.043,39.53));
#4225=CARTESIAN_POINT('',(140.6749,15.043,39.53));
#4226=CARTESIAN_POINT('',(140.6749,16.059,39.53));
#4227=CARTESIAN_POINT('Origin',(145.4364,1.20000000000001,1.));
#4228=CARTESIAN_POINT('',(145.4364,5.39100000000001,-33.42));
#4229=CARTESIAN_POINT('',(145.4364,16.059,-33.42));
#4230=CARTESIAN_POINT('',(145.4364,1.20000000000001,-33.42));
#4231=CARTESIAN_POINT('',(145.4364,5.39100000000001,-34.9791));
#4232=CARTESIAN_POINT('',(145.4364,5.391,-32.));
#4233=CARTESIAN_POINT('',(145.4364,2.24186858359244,-34.9791));
#4234=CARTESIAN_POINT('',(145.4364,5.39100000000001,-34.9791));
#4235=CARTESIAN_POINT('',(145.4364,2.24186858359244,-35.2839));
#4236=CARTESIAN_POINT('',(145.4364,2.24186858359244,-34.9791));
#4237=CARTESIAN_POINT('',(145.4364,16.059,-35.2839));
#4238=CARTESIAN_POINT('',(145.4364,16.2,-35.2839));
#4239=CARTESIAN_POINT('',(145.4364,16.059,39.53));
#4240=CARTESIAN_POINT('Origin',(138.3498,9.30641928831581,39.53));
#4241=CARTESIAN_POINT('',(138.3498,9.30641928831581,-37.53));
#4242=CARTESIAN_POINT('',(138.3498,1.20000000000001,-37.53));
#4243=CARTESIAN_POINT('',(138.3498,9.30641928831581,-37.53));
#4244=CARTESIAN_POINT('',(138.3498,1.20000000000001,-1.54));
#4245=CARTESIAN_POINT('',(138.3498,1.2,-0.234999999999994));
#4246=CARTESIAN_POINT('',(138.3498,5.39000000000001,-1.54));
#4247=CARTESIAN_POINT('',(138.3498,9.30641928831581,-1.54));
#4248=CARTESIAN_POINT('',(138.3498,5.39000000000001,3.54));
#4249=CARTESIAN_POINT('',(138.3498,5.39000000000001,39.53));
#4250=CARTESIAN_POINT('',(138.3498,1.20000000000001,3.54));
#4251=CARTESIAN_POINT('',(138.3498,9.30641928831581,3.54));
#4252=CARTESIAN_POINT('',(138.3498,1.2,-0.234999999999994));
#4253=CARTESIAN_POINT('',(138.3498,9.30641928831581,35.3897400015115));
#4254=CARTESIAN_POINT('',(138.3498,9.30641928831581,39.53));
#4255=CARTESIAN_POINT('',(138.3498,8.312,34.15));
#4256=CARTESIAN_POINT('Origin',(138.3498,9.582,34.15));
#4257=CARTESIAN_POINT('',(138.3498,8.312,-32.15));
#4258=CARTESIAN_POINT('',(138.3498,8.312,20.265));
#4259=CARTESIAN_POINT('',(138.3498,9.30641928831581,-33.3897400015115));
#4260=CARTESIAN_POINT('Origin',(138.3498,9.582,-32.15));
#4261=CARTESIAN_POINT('',(138.3498,9.30641928831581,39.53));
#4262=CARTESIAN_POINT('Origin',(165.,31.2,-33.));
#4263=CARTESIAN_POINT('',(162.,1.2,-33.));
#4264=CARTESIAN_POINT('',(162.,21.2,-33.));
#4265=CARTESIAN_POINT('',(164.7,1.2,-33.));
#4266=CARTESIAN_POINT('',(147.4023048022,1.2,-33.));
#4267=CARTESIAN_POINT('',(164.7,15.6,-33.));
#4268=CARTESIAN_POINT('Origin',(162.,31.2,-37.));
#4269=CARTESIAN_POINT('',(159.,9.30641928831586,-34.3542486889355));
#4270=CARTESIAN_POINT('',(159.,1.2,-34.3542486889354));
#4271=CARTESIAN_POINT('',(159.,31.2,-34.3542486889355));
#4272=CARTESIAN_POINT('Origin',(162.,1.2,-37.));
#4273=CARTESIAN_POINT('',(158.,12.2106301659917,-37.));
#4274=CARTESIAN_POINT('',(158.,21.2,-37.));
#4275=CARTESIAN_POINT('Origin',(162.,0.593786655288113,-37.));
#4276=CARTESIAN_POINT('Origin',(159.,1.20000000000001,39.53));
#4277=CARTESIAN_POINT('',(159.,9.30641928831582,36.3542486889354));
#4278=CARTESIAN_POINT('',(159.,1.2,36.3542486889354));
#4279=CARTESIAN_POINT('',(159.,31.2,36.3542486889354));
#4280=CARTESIAN_POINT('',(159.,1.20000000000001,3.54));
#4281=CARTESIAN_POINT('',(159.,1.2,22.765));
#4282=CARTESIAN_POINT('',(159.,5.39000000000001,3.54));
#4283=CARTESIAN_POINT('',(159.,1.20000000000001,3.54));
#4284=CARTESIAN_POINT('',(159.,5.39000000000001,-1.54));
#4285=CARTESIAN_POINT('',(159.,5.39000000000001,39.53));
#4286=CARTESIAN_POINT('',(159.,1.20000000000001,-1.54));
#4287=CARTESIAN_POINT('',(159.,1.20000000000001,-1.54));
#4288=CARTESIAN_POINT('',(159.,1.2,22.765));
#4289=CARTESIAN_POINT('',(159.,9.30641928831582,-33.3897400015115));
#4290=CARTESIAN_POINT('',(159.,9.30641928831582,39.53));
#4291=CARTESIAN_POINT('',(159.,8.312,-32.15));
#4292=CARTESIAN_POINT('Origin',(159.,9.58200000000001,-32.15));
#4293=CARTESIAN_POINT('',(159.,8.312,34.15));
#4294=CARTESIAN_POINT('',(159.,8.312,20.265));
#4295=CARTESIAN_POINT('',(159.,9.30641928831582,35.3897400015115));
#4296=CARTESIAN_POINT('Origin',(159.,9.58200000000001,34.15));
#4297=CARTESIAN_POINT('',(159.,9.30641928831582,39.53));
#4298=CARTESIAN_POINT('Origin',(148.6749,10.8170338337011,35.42));
#4299=CARTESIAN_POINT('',(157.863269410816,9.58200000000001,-33.42));
#4300=CARTESIAN_POINT('',(152.7999,2.51427429244014,-33.42));
#4301=CARTESIAN_POINT('Origin',(148.6749,10.8170338337011,-33.42));
#4302=CARTESIAN_POINT('',(152.7999,2.51427429244014,-32.401));
#4303=CARTESIAN_POINT('',(152.7999,2.51427429244014,35.42));
#4304=CARTESIAN_POINT('',(152.7999,2.51427429244014,34.401));
#4305=CARTESIAN_POINT('',(152.7999,2.51427429244014,35.42));
#4306=CARTESIAN_POINT('',(152.7999,2.51427429244014,35.42));
#4307=CARTESIAN_POINT('',(152.7999,2.51427429244014,35.42));
#4308=CARTESIAN_POINT('',(157.863269410816,9.58200000000001,35.42));
#4309=CARTESIAN_POINT('Origin',(148.6749,10.8170338337011,35.42));
#4310=CARTESIAN_POINT('',(157.601055190899,8.312,34.15));
#4311=CARTESIAN_POINT('Ctrl Pts',(157.863269410816,9.58200000000001,35.42));
#4312=CARTESIAN_POINT('Ctrl Pts',(157.841637174081,9.42106110352943,35.42));
#4313=CARTESIAN_POINT('Ctrl Pts',(157.81392506176,9.25014309462058,35.3875990087521));
#4314=CARTESIAN_POINT('Ctrl Pts',(157.754562003761,8.93643191744484,35.2568071832208));
#4315=CARTESIAN_POINT('Ctrl Pts',(157.723134429655,8.79358536039285,35.1584431243463));
#4316=CARTESIAN_POINT('Ctrl Pts',(157.670122807953,8.5697190896656,34.9329536203509));
#4317=CARTESIAN_POINT('Ctrl Pts',(157.644894536151,8.47287257257277,34.7912168775804));
#4318=CARTESIAN_POINT('Ctrl Pts',(157.610221149524,8.34399318954173,34.4796388631688));
#4319=CARTESIAN_POINT('Ctrl Pts',(157.601055190899,8.31200000000001,34.3097501802148));
#4320=CARTESIAN_POINT('Ctrl Pts',(157.601055190899,8.31200000000001,34.15));
#4321=CARTESIAN_POINT('',(157.601055190899,8.312,-32.15));
#4322=CARTESIAN_POINT('',(157.601055190899,8.312,35.42));
#4323=CARTESIAN_POINT('Ctrl Pts',(157.601055190899,8.31200000000001,-32.15));
#4324=CARTESIAN_POINT('Ctrl Pts',(157.601055190899,8.312,-32.3097501802148));
#4325=CARTESIAN_POINT('Ctrl Pts',(157.610221149524,8.34399318954173,-32.4796388631688));
#4326=CARTESIAN_POINT('Ctrl Pts',(157.644894536151,8.47287257257278,-32.7912168775804));
#4327=CARTESIAN_POINT('Ctrl Pts',(157.670122807953,8.5697190896656,-32.9329536203509));
#4328=CARTESIAN_POINT('Ctrl Pts',(157.723134429655,8.79358536039285,-33.1584431243463));
#4329=CARTESIAN_POINT('Ctrl Pts',(157.754562003761,8.93643191744484,-33.2568071832208));
#4330=CARTESIAN_POINT('Ctrl Pts',(157.81392506176,9.25014309462059,-33.3875990087521));
#4331=CARTESIAN_POINT('Ctrl Pts',(157.841637174081,9.42106110352943,-33.42));
#4332=CARTESIAN_POINT('Ctrl Pts',(157.863269410816,9.58200000000001,-33.42));
#4333=CARTESIAN_POINT('Origin',(148.6749,1.20000000000001,-33.42));
#4334=CARTESIAN_POINT('',(144.5499,2.51427429244014,-33.42));
#4335=CARTESIAN_POINT('',(139.486530589184,9.58200000000001,-33.42));
#4336=CARTESIAN_POINT('Origin',(148.6749,10.8170338337011,-33.42));
#4337=CARTESIAN_POINT('',(148.6749,2.51427429244014,-33.42));
#4338=CARTESIAN_POINT('',(158.905109951277,9.58200000000001,-33.42));
#4339=CARTESIAN_POINT('',(159.,9.58200000000001,-33.42));
#4340=CARTESIAN_POINT('',(156.6749,16.059,-33.42));
#4341=CARTESIAN_POINT('',(159.,9.30641928831582,-33.42));
#4342=CARTESIAN_POINT('',(151.9134,16.059,-33.42));
#4343=CARTESIAN_POINT('',(150.5799,16.059,-33.42));
#4344=CARTESIAN_POINT('',(151.9134,5.39100000000001,-33.42));
#4345=CARTESIAN_POINT('',(151.9134,1.20000000000001,-33.42));
#4346=CARTESIAN_POINT('',(146.7699,5.39100000000001,-33.42));
#4347=CARTESIAN_POINT('',(140.6749,16.059,-33.42));
#4348=CARTESIAN_POINT('',(140.6749,16.059,-33.42));
#4349=CARTESIAN_POINT('',(138.444690048723,9.582,-33.42));
#4350=CARTESIAN_POINT('',(140.6749,16.059,-33.42));
#4351=CARTESIAN_POINT('',(139.748744809101,9.58200000000001,-33.42));
#4352=CARTESIAN_POINT('Origin',(151.9134,1.20000000000001,1.));
#4353=CARTESIAN_POINT('',(151.9134,16.059,-35.2839));
#4354=CARTESIAN_POINT('',(151.9134,2.24186858359244,-35.2839));
#4355=CARTESIAN_POINT('',(151.9134,16.2,-35.2839));
#4356=CARTESIAN_POINT('',(151.9134,2.24186858359244,-34.9791));
#4357=CARTESIAN_POINT('',(151.9134,2.24186858359244,-34.9791));
#4358=CARTESIAN_POINT('',(151.9134,5.39100000000001,-34.9791));
#4359=CARTESIAN_POINT('',(151.9134,5.39100000000001,-34.9791));
#4360=CARTESIAN_POINT('',(151.9134,5.391,-32.));
#4361=CARTESIAN_POINT('',(151.9134,16.059,39.53));
#4362=CARTESIAN_POINT('Origin',(151.9134,16.2,-35.2839));
#4363=CARTESIAN_POINT('',(150.5799,2.24186858359244,-35.2839));
#4364=CARTESIAN_POINT('',(150.5799,16.059,-35.2839));
#4365=CARTESIAN_POINT('',(150.5799,16.059,-35.2839));
#4366=CARTESIAN_POINT('',(151.9134,2.24186858359244,-35.2839));
#4367=CARTESIAN_POINT('',(150.5799,16.059,-35.2839));
#4368=CARTESIAN_POINT('Origin',(150.5799,16.059,39.53));
#4369=CARTESIAN_POINT('',(150.5799,15.043,-37.53));
#4370=CARTESIAN_POINT('',(150.5799,1.20000000000001,-37.53));
#4371=CARTESIAN_POINT('',(150.5799,16.059,-37.53));
#4372=CARTESIAN_POINT('',(150.5799,1.20000000000001,-34.9791));
#4373=CARTESIAN_POINT('',(150.5799,1.2,22.765));
#4374=CARTESIAN_POINT('',(150.5799,2.24186858359244,-34.9791));
#4375=CARTESIAN_POINT('',(150.5799,16.059,-34.9791));
#4376=CARTESIAN_POINT('',(150.5799,2.24186858359239,39.53));
#4377=CARTESIAN_POINT('',(150.5799,16.059,-36.514));
#4378=CARTESIAN_POINT('',(150.5799,16.059,39.53));
#4379=CARTESIAN_POINT('Origin',(150.5799,15.043,-36.514));
#4380=CARTESIAN_POINT('Origin',(159.0049,16.06,-37.53));
#4381=CARTESIAN_POINT('',(158.,1.2,-37.53));
#4382=CARTESIAN_POINT('',(158.,12.2106301659917,-37.53));
#4383=CARTESIAN_POINT('',(158.,23.63,-37.53));
#4384=CARTESIAN_POINT('',(144.4047548022,1.2,-37.53));
#4385=CARTESIAN_POINT('',(157.024736855102,15.043,-37.53));
#4386=CARTESIAN_POINT('',(156.6749,15.043,-37.53));
#4387=CARTESIAN_POINT('',(159.,9.30641928831582,-37.53));
#4388=CARTESIAN_POINT('Origin',(158.,31.2,-37.));
#4389=CARTESIAN_POINT('',(158.,1.2,-39.7));
#4390=CARTESIAN_POINT('',(158.,15.6,-39.7));
#4391=CARTESIAN_POINT('',(158.,1.2,-15.5));
#4392=CARTESIAN_POINT('',(158.,12.2106301659917,1.265));
#4393=CARTESIAN_POINT('Origin',(94.6092192088019,0.,-39.7));
#4394=CARTESIAN_POINT('',(86.6092192088019,1.2,-39.7));
#4395=CARTESIAN_POINT('',(86.6092192088019,15.6,-39.7));
#4396=CARTESIAN_POINT('',(112.206914406601,1.2,-39.7));
#4397=CARTESIAN_POINT('Origin',(86.6092192088019,31.2,-40.));
#4398=CARTESIAN_POINT('',(86.6092192088019,1.2,-37.));
#4399=CARTESIAN_POINT('',(86.6092192088019,21.2,-37.));
#4400=CARTESIAN_POINT('',(86.6092192088019,1.2,-17.));
#4401=CARTESIAN_POINT('Origin',(82.6092192088019,31.2,-37.));
#4402=CARTESIAN_POINT('',(82.6092192088019,1.2,-33.));
#4403=CARTESIAN_POINT('',(82.6092192088019,21.2,-33.));
#4404=CARTESIAN_POINT('Origin',(82.6092192088019,1.2,-37.));
#4405=CARTESIAN_POINT('Origin',(82.6092192088019,31.2,-33.));
#4406=CARTESIAN_POINT('',(79.9092192088019,1.2,-33.));
#4407=CARTESIAN_POINT('',(79.9092192088019,45.9953903955991,-33.));
#4408=CARTESIAN_POINT('',(106.206914406601,1.2,-33.));
#4409=CARTESIAN_POINT('Origin',(79.9092192088019,60.7907807911981,20.0373736871003));
#4410=CARTESIAN_POINT('',(79.9092192088019,41.2,35.));
#4411=CARTESIAN_POINT('',(79.9092192088019,41.2,13.0186868435502));
#4412=CARTESIAN_POINT('',(79.9092192088019,1.2,35.));
#4413=CARTESIAN_POINT('',(79.9092192088019,45.9953903955991,35.));
#4414=CARTESIAN_POINT('',(79.9092192088019,1.2,13.0186868435502));
#4415=CARTESIAN_POINT('Origin',(162.,31.2,39.));
#4416=CARTESIAN_POINT('',(164.1,1.2,39.));
#4417=CARTESIAN_POINT('Origin',(162.,1.2,39.));
#4418=CARTESIAN_POINT('',(164.1,41.2,39.));
#4419=CARTESIAN_POINT('',(164.1,31.2,39.));
#4420=CARTESIAN_POINT('Origin',(162.,41.2,39.));
#4421=CARTESIAN_POINT('Origin',(162.,31.2,-37.));
#4422=CARTESIAN_POINT('',(164.1,1.2,-37.));
#4423=CARTESIAN_POINT('Origin',(162.,1.2,-37.));
#4424=CARTESIAN_POINT('',(164.1,31.2,-37.));
#4425=CARTESIAN_POINT('Origin',(82.6092192088019,31.2,-37.));
#4426=CARTESIAN_POINT('',(84.7092192088019,1.2,-37.));
#4427=CARTESIAN_POINT('Origin',(82.6092192088019,1.2,-37.));
#4428=CARTESIAN_POINT('',(84.7092192088019,31.2,-37.));
#4429=CARTESIAN_POINT('Origin',(82.6092192088019,31.2,39.));
#4430=CARTESIAN_POINT('',(84.7092192088019,1.2,39.));
#4431=CARTESIAN_POINT('Origin',(82.6092192088019,1.2,39.));
#4432=CARTESIAN_POINT('',(84.7092192088019,41.2,39.));
#4433=CARTESIAN_POINT('',(84.7092192088019,31.2,39.));
#4434=CARTESIAN_POINT('Origin',(82.6092192088019,41.2,39.));
#4435=CARTESIAN_POINT('Origin',(162.,31.2,39.));
#4436=CARTESIAN_POINT('',(162.,1.2,35.));
#4437=CARTESIAN_POINT('',(162.,41.2,35.));
#4438=CARTESIAN_POINT('',(162.,21.2,35.));
#4439=CARTESIAN_POINT('Origin',(162.,1.2,39.));
#4440=CARTESIAN_POINT('',(158.,12.2106301659917,39.));
#4441=CARTESIAN_POINT('Origin',(162.,0.593786655288215,39.));
#4442=CARTESIAN_POINT('',(158.,41.2,39.));
#4443=CARTESIAN_POINT('',(158.,21.2,39.));
#4444=CARTESIAN_POINT('Origin',(162.,41.2,39.));
#4445=CARTESIAN_POINT('Origin',(165.,0.,41.7));
#4446=CARTESIAN_POINT('',(158.,41.2,41.7));
#4447=CARTESIAN_POINT('',(158.,1.2,41.7));
#4448=CARTESIAN_POINT('',(158.,15.6,41.7));
#4449=CARTESIAN_POINT('',(86.6092192088019,1.2,41.7));
#4450=CARTESIAN_POINT('',(147.4023048022,1.2,41.7));
#4451=CARTESIAN_POINT('',(86.6092192088019,41.2,41.7));
#4452=CARTESIAN_POINT('',(86.6092192088019,15.6,41.7));
#4453=CARTESIAN_POINT('',(147.4023048022,41.2,41.7));
#4454=CARTESIAN_POINT('Origin',(158.,31.2,-37.));
#4455=CARTESIAN_POINT('',(158.,12.2106301659917,39.53));
#4456=CARTESIAN_POINT('',(158.,1.2,39.53));
#4457=CARTESIAN_POINT('',(158.,23.63,39.53));
#4458=CARTESIAN_POINT('',(158.,1.2,24.));
#4459=CARTESIAN_POINT('',(158.,41.2,24.));
#4460=CARTESIAN_POINT('',(158.,12.2106301659917,40.765));
#4461=CARTESIAN_POINT('Origin',(162.,31.2,35.));
#4462=CARTESIAN_POINT('',(164.7,41.2,35.));
#4463=CARTESIAN_POINT('',(164.7,1.2,35.));
#4464=CARTESIAN_POINT('',(164.7,15.6,35.));
#4465=CARTESIAN_POINT('',(145.9023048022,1.2,35.));
#4466=CARTESIAN_POINT('',(145.9023048022,41.2,35.));
#4467=CARTESIAN_POINT('Origin',(148.6749,10.8170338337011,35.42));
#4468=CARTESIAN_POINT('',(141.531689610377,4.75154240028758,21.5103574202667));
#4469=CARTESIAN_POINT('',(141.532849497084,4.7501766890335,20.4783505314667));
#4470=CARTESIAN_POINT('',(141.531689611882,4.75154239845146,21.5103560213136));
#4471=CARTESIAN_POINT('',(142.25605423813,3.98958535283759,20.4800870887847));
#4472=CARTESIAN_POINT('Ctrl Pts',(141.532849497084,4.75017668903351,20.4783505314667));
#4473=CARTESIAN_POINT('Ctrl Pts',(141.646249521984,4.61667944564161,20.4786401992195));
#4474=CARTESIAN_POINT('Ctrl Pts',(141.763239385448,4.4865419007975,20.4789294764099));
#4475=CARTESIAN_POINT('Ctrl Pts',(142.004356606056,4.23295976115202,20.4795081438362));
#4476=CARTESIAN_POINT('Ctrl Pts',(142.128437173833,4.10956437456373,20.4797974210266));
#4477=CARTESIAN_POINT('Ctrl Pts',(142.256053968052,3.98958507020676,20.4800870887794));
#4478=CARTESIAN_POINT('',(142.256455539016,3.989208090981,20.1659903255296));
#4479=CARTESIAN_POINT('',(142.256257583613,3.98939472539971,20.3211395479621));
#4480=CARTESIAN_POINT('',(141.533212607055,4.74974925314552,20.1642537730986));
#4481=CARTESIAN_POINT('Ctrl Pts',(142.256455271203,3.989207806086,20.1659903255296));
#4482=CARTESIAN_POINT('Ctrl Pts',(142.128832290009,4.10917879650147,20.1657006577801));
#4483=CARTESIAN_POINT('Ctrl Pts',(142.004747361386,4.23256392877145,20.1654113854737));
#4484=CARTESIAN_POINT('Ctrl Pts',(141.76361669068,4.48613001436834,20.1648327180449));
#4485=CARTESIAN_POINT('Ctrl Pts',(141.646619854812,4.61625969939976,20.1645434408525));
#4486=CARTESIAN_POINT('Ctrl Pts',(141.533212608779,4.74974925111597,20.1642537731029));
#4487=CARTESIAN_POINT('',(141.534565118346,4.74815759688175,19.132405537245));
#4488=CARTESIAN_POINT('',(141.533212605675,4.74974925476916,20.164253773095));
#4489=CARTESIAN_POINT('',(141.331293129528,4.99577287657589,19.1319216756574));
#4490=CARTESIAN_POINT('Origin',(148.675092816271,10.8171921201643,19.1321642297378));
#4491=CARTESIAN_POINT('',(141.329707541693,4.99777367879954,20.1637252553072));
#4492=CARTESIAN_POINT('',(141.331293128314,4.99577287802149,19.1319229226339));
#4493=CARTESIAN_POINT('',(140.728079511843,5.85077919574658,20.1620606522148));
#4494=CARTESIAN_POINT('Ctrl Pts',(141.329707541692,4.99777367880025,20.1637252556496));
#4495=CARTESIAN_POINT('Ctrl Pts',(141.221528710628,5.13431927272967,20.163447592687));
#4496=CARTESIAN_POINT('Ctrl Pts',(141.117301904016,5.27369901695093,20.1631703001082));
#4497=CARTESIAN_POINT('Ctrl Pts',(140.916718870994,5.55809140764669,20.1626156077607));
#4498=CARTESIAN_POINT('Ctrl Pts',(140.820401150024,5.70304946000223,20.162338315182));
#4499=CARTESIAN_POINT('Ctrl Pts',(140.728079513345,5.85077919334297,20.1620606522193));
#4500=CARTESIAN_POINT('',(140.7274076465,5.85185445214232,20.4760850493936));
#4501=CARTESIAN_POINT('',(140.728079510641,5.85077919766947,20.1620606522112));
#4502=CARTESIAN_POINT('',(141.329359666961,4.99821280056293,20.4778220140178));
#4503=CARTESIAN_POINT('Ctrl Pts',(140.7274076465,5.85185445214284,20.4760850497361));
#4504=CARTESIAN_POINT('Ctrl Pts',(140.819771941293,5.70401195337326,20.4763747831152));
#4505=CARTESIAN_POINT('Ctrl Pts',(140.916138041422,5.55894448703125,20.4766641294949));
#4506=CARTESIAN_POINT('Ctrl Pts',(141.116829149661,5.27433992832405,20.4772429342546));
#4507=CARTESIAN_POINT('Ctrl Pts',(141.221115579912,5.13485754408743,20.4775322806342));
#4508=CARTESIAN_POINT('Ctrl Pts',(141.329359665324,4.9982128026284,20.4778220140134));
#4509=CARTESIAN_POINT('',(141.328416080977,4.99940415937992,21.5098145626857));
#4510=CARTESIAN_POINT('',(141.32935966827,4.99821279891056,20.4778220140213));
#4511=CARTESIAN_POINT('Origin',(148.6749,10.8170338337011,21.5098145630283));
#4512=CARTESIAN_POINT('Ctrl Pts',(141.532824092993,4.7502065954697,20.4783504665746));
#4513=CARTESIAN_POINT('Ctrl Pts',(141.759451924566,4.48341258168421,20.4789293650243));
#4514=CARTESIAN_POINT('Ctrl Pts',(142.001040514062,4.22933470502328,20.4795082552217));
#4515=CARTESIAN_POINT('Ctrl Pts',(142.256082557138,3.98955819220588,20.4800871536715));
#4516=CARTESIAN_POINT('Ctrl Pts',(141.60904160225,4.81494946115957,20.4783504665746));
#4517=CARTESIAN_POINT('Ctrl Pts',(141.833250948067,4.55100257130288,20.4789293650243));
#4518=CARTESIAN_POINT('Ctrl Pts',(142.072261396307,4.29963611680655,20.4795082552217));
#4519=CARTESIAN_POINT('Ctrl Pts',(142.324581728002,4.06241840745524,20.4800871536715));
#4520=CARTESIAN_POINT('',(141.609063887255,4.81491745463661,20.4783505314667));
#4521=CARTESIAN_POINT('',(141.532849497084,4.7501766890335,20.4783505314667));
#4522=CARTESIAN_POINT('',(142.32455088734,4.06244227334259,20.4800870887862));
#4523=CARTESIAN_POINT('Origin',(148.674918777729,10.8170516884041,20.4792188101277));
#4524=CARTESIAN_POINT('',(142.256053971525,3.98958506694104,20.4800870887873));
#4525=CARTESIAN_POINT('Ctrl Pts',(141.531689610913,4.75154239959278,21.5103568836913));
#4526=CARTESIAN_POINT('Ctrl Pts',(141.532076196114,4.7510871257783,21.1663547662831));
#4527=CARTESIAN_POINT('Ctrl Pts',(141.53246282484,4.75063188892243,20.8223526488748));
#4528=CARTESIAN_POINT('Ctrl Pts',(141.532849497084,4.7501766890335,20.4783505314667));
#4529=CARTESIAN_POINT('Ctrl Pts',(141.607916378484,4.81626859139844,21.5103568836913));
#4530=CARTESIAN_POINT('Ctrl Pts',(141.608298838349,4.81581817591086,21.1663547662831));
#4531=CARTESIAN_POINT('Ctrl Pts',(141.608681341275,4.81536779698751,20.8223526488749));
#4532=CARTESIAN_POINT('Ctrl Pts',(141.609063887255,4.81491745463661,20.4783505314667));
#4533=CARTESIAN_POINT('',(141.607916382788,4.81626858632984,21.5103530125237));
#4534=CARTESIAN_POINT('Ctrl Pts',(141.531689608861,4.75154240226014,21.5103588196463));
#4535=CARTESIAN_POINT('Ctrl Pts',(141.544394071194,4.7623300995906,21.5103578516688));
#4536=CARTESIAN_POINT('Ctrl Pts',(141.55709853346,4.77311779687723,21.5103568836913));
#4537=CARTESIAN_POINT('Ctrl Pts',(141.582507458123,4.79469319158367,21.5103549477363));
#4538=CARTESIAN_POINT('Ctrl Pts',(141.595211920458,4.80548088895265,21.5103539797588));
#4539=CARTESIAN_POINT('Ctrl Pts',(141.607916382789,4.81626858632863,21.5103530117812));
#4540=CARTESIAN_POINT('',(141.607916379443,4.81626859026929,21.5103560213136));
#4541=CARTESIAN_POINT('Origin',(141.367614053034,5.03044476160694,21.5098145630283));
#4542=CARTESIAN_POINT('',(141.406812025048,5.06148536388876,21.5098145626857));
#4543=CARTESIAN_POINT('',(141.328416080998,4.99940415935346,21.5098145630283));
#4544=CARTESIAN_POINT('Origin',(148.6749,10.8170338337011,21.5098145630283));
#4545=CARTESIAN_POINT('Ctrl Pts',(141.32935966827,4.99821279891056,20.4778220140213));
#4546=CARTESIAN_POINT('Ctrl Pts',(141.32904510713,4.9986098933601,20.8218193636907));
#4547=CARTESIAN_POINT('Ctrl Pts',(141.328730578191,4.99900701331706,21.1658167133601));
#4548=CARTESIAN_POINT('Ctrl Pts',(141.328416081455,4.99940415877621,21.5098140630295));
#4549=CARTESIAN_POINT('Ctrl Pts',(141.407745543115,5.06030671668657,20.4778220140213));
#4550=CARTESIAN_POINT('Ctrl Pts',(141.407434338726,5.060699573654,20.8218193636907));
#4551=CARTESIAN_POINT('Ctrl Pts',(141.407123166194,5.06109245585664,21.1658167133601));
#4552=CARTESIAN_POINT('Ctrl Pts',(141.406812025523,5.06148536328933,21.5098140630295));
#4553=CARTESIAN_POINT('',(141.407745542683,5.06030671723149,20.4778220140199));
#4554=CARTESIAN_POINT('',(141.32935966827,4.99821279891056,20.4778220140213));
#4555=CARTESIAN_POINT('',(141.407745543115,5.06030671668657,20.4778220140213));
#4556=CARTESIAN_POINT('Ctrl Pts',(140.727387343218,5.8518869506476,20.4760849860474));
#4557=CARTESIAN_POINT('Ctrl Pts',(140.911976525431,5.55642240346169,20.4766640192987));
#4558=CARTESIAN_POINT('Ctrl Pts',(141.113056128474,5.27126691156662,20.4772430444507));
#4559=CARTESIAN_POINT('Ctrl Pts',(141.329383459396,4.99818276568854,20.477822077702));
#4560=CARTESIAN_POINT('Ctrl Pts',(140.81220010668,5.90487306672332,20.4760849860474));
#4561=CARTESIAN_POINT('Ctrl Pts',(140.994819424946,5.61256160224828,20.4766640192987));
#4562=CARTESIAN_POINT('Ctrl Pts',(141.193753184686,5.33044917883601,20.4772430444507));
#4563=CARTESIAN_POINT('Ctrl Pts',(141.407771954485,5.0602792807321,20.477822077702));
#4564=CARTESIAN_POINT('',(140.81221708363,5.90483897227427,20.4760850493936));
#4565=CARTESIAN_POINT('',(140.727407646496,5.85185445214767,20.4760850497361));
#4566=CARTESIAN_POINT('Origin',(148.674921389364,10.8170489165768,20.4769535318794));
#4567=CARTESIAN_POINT('Ctrl Pts',(140.728079510641,5.85077919766947,20.1620606522112));
#4568=CARTESIAN_POINT('Ctrl Pts',(140.727855532036,5.85113760010707,20.2667352847206));
#4569=CARTESIAN_POINT('Ctrl Pts',(140.727631577677,5.85149601769686,20.37140991723));
#4570=CARTESIAN_POINT('Ctrl Pts',(140.727407647566,5.85185445043555,20.4760845497394));
#4571=CARTESIAN_POINT('Ctrl Pts',(140.812881778162,5.90377519207809,20.1620606522112));
#4572=CARTESIAN_POINT('Ctrl Pts',(140.812660189682,5.90412976992453,20.2667352847206));
#4573=CARTESIAN_POINT('Ctrl Pts',(140.812438625189,5.90448436276147,20.37140991723));
#4574=CARTESIAN_POINT('Ctrl Pts',(140.812217084685,5.90483897058565,20.4760845497394));
#4575=CARTESIAN_POINT('',(140.812881778558,5.90377519144396,20.1620606522106));
#4576=CARTESIAN_POINT('',(140.728079510641,5.85077919766947,20.1620606522112));
#4577=CARTESIAN_POINT('',(140.812881778162,5.90377519207809,20.1620606522112));
#4578=CARTESIAN_POINT('Ctrl Pts',(141.329731257683,4.99774374410386,20.1637253165214));
#4579=CARTESIAN_POINT('Ctrl Pts',(141.113534150211,5.27062998933802,20.1631704055497));
#4580=CARTESIAN_POINT('Ctrl Pts',(140.912563372629,5.55557213541901,20.1626155023192));
#4581=CARTESIAN_POINT('Ctrl Pts',(140.728059273837,5.85081158001597,20.1620605913476));
#4582=CARTESIAN_POINT('Ctrl Pts',(141.408116033497,5.05984493810965,20.1637253165214));
#4583=CARTESIAN_POINT('Ctrl Pts',(141.194226097229,5.32981904777464,20.1631704055497));
#4584=CARTESIAN_POINT('Ctrl Pts',(140.995400001395,5.61172040241529,20.1626155023192));
#4585=CARTESIAN_POINT('Ctrl Pts',(140.812864858379,5.90380916681841,20.1620605913476));
#4586=CARTESIAN_POINT('',(141.408089704305,5.05987228252139,20.1637252553072));
#4587=CARTESIAN_POINT('',(141.329707541692,4.99777367880025,20.1637252556496));
#4588=CARTESIAN_POINT('Origin',(148.674919669622,10.8170477067599,20.1628929539304));
#4589=CARTESIAN_POINT('Ctrl Pts',(141.331293129495,4.99577287653091,19.1319221538647));
#4590=CARTESIAN_POINT('Ctrl Pts',(141.330764509642,4.99643973830097,19.4758563544603));
#4591=CARTESIAN_POINT('Ctrl Pts',(141.330235980624,4.99710667207578,19.8197905550559));
#4592=CARTESIAN_POINT('Ctrl Pts',(141.32970754246,4.99777367783058,20.1637247556516));
#4593=CARTESIAN_POINT('Ctrl Pts',(141.409658371951,5.05789283125474,19.1319221538647));
#4594=CARTESIAN_POINT('Ctrl Pts',(141.409135393116,5.05855257679633,19.4758563544603));
#4595=CARTESIAN_POINT('Ctrl Pts',(141.408612504147,5.05921239357428,19.8197905550559));
#4596=CARTESIAN_POINT('Ctrl Pts',(141.408089705063,5.05987228156413,20.1637247556516));
#4597=CARTESIAN_POINT('',(141.409658366715,5.0578928378602,19.1319256045886));
#4598=CARTESIAN_POINT('Ctrl Pts',(141.331293132249,4.99577287326539,19.1319204283043));
#4599=CARTESIAN_POINT('Ctrl Pts',(141.344354004643,5.00612620071766,19.1319212910845));
#4600=CARTESIAN_POINT('Ctrl Pts',(141.357414876995,5.01647952812235,19.1319221538647));
#4601=CARTESIAN_POINT('Ctrl Pts',(141.38353662183,5.03718618300503,19.1319238794251));
#4602=CARTESIAN_POINT('Ctrl Pts',(141.396597494263,5.04753951044437,19.1319247422053));
#4603=CARTESIAN_POINT('Ctrl Pts',(141.409658366703,5.05789283787479,19.1319256049856));
#4604=CARTESIAN_POINT('',(141.409658370782,5.05789283272942,19.1319229226339));
#4605=CARTESIAN_POINT('Origin',(141.572663159547,4.7805387527699,19.1324055369025));
#4606=CARTESIAN_POINT('',(141.610761200698,4.81291990871649,19.1324055372449));
#4607=CARTESIAN_POINT('',(141.534565118347,4.74815759688034,19.1324055369025));
#4608=CARTESIAN_POINT('Origin',(148.6749,10.8170338337011,19.1324055369025));
#4609=CARTESIAN_POINT('Ctrl Pts',(141.533212605675,4.74974925476916,20.164253773095));
#4610=CARTESIAN_POINT('Ctrl Pts',(141.533663383885,4.74921865215534,19.820304527697));
#4611=CARTESIAN_POINT('Ctrl Pts',(141.534114221227,4.7486880997784,19.476355282299));
#4612=CARTESIAN_POINT('Ctrl Pts',(141.534565117691,4.74815759765153,19.132406036901));
#4613=CARTESIAN_POINT('Ctrl Pts',(141.609423121035,4.81449458161723,20.164253773095));
#4614=CARTESIAN_POINT('Ctrl Pts',(141.609869088891,4.81396964118048,19.820304527697));
#4615=CARTESIAN_POINT('Ctrl Pts',(141.610315115249,4.81344475044453,19.476355282299));
#4616=CARTESIAN_POINT('Ctrl Pts',(141.610761200098,4.81291990942241,19.132406036901));
#4617=CARTESIAN_POINT('',(141.60942312149,4.81449458108179,20.164253773096));
#4618=CARTESIAN_POINT('',(141.533212605675,4.74974925476916,20.164253773095));
#4619=CARTESIAN_POINT('',(141.609423121035,4.81449458161723,20.164253773095));
#4620=CARTESIAN_POINT('Ctrl Pts',(142.256486013608,3.98917890705789,20.165990395306));
#4621=CARTESIAN_POINT('Ctrl Pts',(142.001431528146,4.22893872625058,20.1654114968575));
#4622=CARTESIAN_POINT('Ctrl Pts',(141.759829468823,4.48300051057395,20.1648326066611));
#4623=CARTESIAN_POINT('Ctrl Pts',(141.533187203751,4.74977915502765,20.1642537082126));
#4624=CARTESIAN_POINT('Ctrl Pts',(142.324980878869,4.06204316982065,20.165990395306));
#4625=CARTESIAN_POINT('Ctrl Pts',(142.072648237566,4.2992443636978,20.1654114968575));
#4626=CARTESIAN_POINT('Ctrl Pts',(141.833624463242,4.55059489759058,20.1648326066611));
#4627=CARTESIAN_POINT('Ctrl Pts',(141.609400837952,4.81452658213398,20.1642537082126));
#4628=CARTESIAN_POINT('',(142.324951111051,4.06206602411511,20.1659903330057));
#4629=CARTESIAN_POINT('Ctrl Pts',(142.256455539006,3.98920809099087,20.1659903255296));
#4630=CARTESIAN_POINT('Ctrl Pts',(142.267871691744,4.0013509586672,20.1659903271496));
#4631=CARTESIAN_POINT('Ctrl Pts',(142.279287576652,4.01349354146461,20.1659903287782));
#4632=CARTESIAN_POINT('Ctrl Pts',(142.302119882108,4.03777927679624,20.165990332053));
#4633=CARTESIAN_POINT('Ctrl Pts',(142.313536034766,4.04992214438773,20.1659903336993));
#4634=CARTESIAN_POINT('Ctrl Pts',(142.324952187484,4.06206501204304,20.1659903353544));
#4635=CARTESIAN_POINT('Origin',(148.674918776921,10.8170516897624,20.1651220517553));
#4636=CARTESIAN_POINT('Origin',(142.290302429686,4.02601366990102,20.4800870887873));
#4637=CARTESIAN_POINT('Ctrl Pts',(142.324550887855,4.06244227286981,20.4800870887875));
#4638=CARTESIAN_POINT('Ctrl Pts',(142.32475153213,4.06225363656433,20.3230387119481));
#4639=CARTESIAN_POINT('Ctrl Pts',(142.324952187612,4.06206501217966,20.1659903355966));
#4640=CARTESIAN_POINT('Origin',(148.6749,10.8170338337011,35.42));
#4641=CARTESIAN_POINT('',(141.809602830243,4.43868487310219,-19.0612364269138));
#4642=CARTESIAN_POINT('',(141.565446997139,4.71200978060274,-19.0610540099164));
#4643=CARTESIAN_POINT('Origin',(148.675123962311,10.817233894805,-19.061145218113));
#4644=CARTESIAN_POINT('',(141.565898986323,4.71148346704156,-17.7149034315646));
#4645=CARTESIAN_POINT('',(141.5656729738,4.71174667039702,-18.3880699292394));
#4646=CARTESIAN_POINT('',(141.810075073041,4.43817661543803,-17.715082753959));
#4647=CARTESIAN_POINT('Origin',(148.675123889211,10.8172338594701,-17.714993093052));
#4648=CARTESIAN_POINT('',(141.809838995368,4.4384307218059,-18.3880699292395));
#4649=CARTESIAN_POINT('Origin',(141.603380252151,4.74458379637817,-19.0610540111925));
#4650=CARTESIAN_POINT('',(141.641313519761,4.77715782297058,-19.0610540116604));
#4651=CARTESIAN_POINT('',(141.565446984541,4.71200976978594,-19.0610540111925));
#4652=CARTESIAN_POINT('',(141.641765508917,4.77663151015158,-17.7149034352089));
#4653=CARTESIAN_POINT('Ctrl Pts',(141.641313519761,4.77715782297057,-19.0610540116604));
#4654=CARTESIAN_POINT('Ctrl Pts',(141.641539504675,4.77689465789326,-18.3879787224781));
#4655=CARTESIAN_POINT('Ctrl Pts',(141.641765509282,4.77663150972735,-17.7149034351766));
#4656=CARTESIAN_POINT('',(141.603832250468,4.74405749068723,-17.7149034333902));
#4657=CARTESIAN_POINT('Origin',(141.846230845964,4.47271995553282,-19.0612364250567));
#4658=CARTESIAN_POINT('',(141.882858874081,4.50675504874802,-19.0612364231498));
#4659=CARTESIAN_POINT('',(141.84623085487,4.47271996380913,-19.0612364250567));
#4660=CARTESIAN_POINT('Origin',(148.674901749862,10.817035396818,-19.0611452181246));
#4661=CARTESIAN_POINT('Origin',(141.846703088511,4.47221169766489,-17.7150827527045));
#4662=CARTESIAN_POINT('',(141.883331116145,4.50624679119565,-17.7150827522445));
#4663=CARTESIAN_POINT('',(141.810075060877,4.43817660413396,-17.7150827527045));
#4664=CARTESIAN_POINT('Ctrl Pts',(141.883331116145,4.50624679119565,-17.7150827522445));
#4665=CARTESIAN_POINT('Ctrl Pts',(141.883094985414,4.50650091134201,-18.3881595885998));
#4666=CARTESIAN_POINT('Ctrl Pts',(141.8828588737,4.50675504915826,-19.0612364230695));
#4667=CARTESIAN_POINT('Origin',(141.603832241566,4.74405748304419,-17.7149034333902));
#4668=CARTESIAN_POINT('Origin',(148.674901690882,10.8170353443583,-17.7149930930473));
#4669=CARTESIAN_POINT('Origin',(151.9134,2.24186858359244,-34.9791));
#4670=CARTESIAN_POINT('',(151.9134,2.24186858359244,-34.9791));
#4671=CARTESIAN_POINT('Origin',(151.9134,2.24186858359244,-34.9791));
#4672=CARTESIAN_POINT('',(146.7699,2.24186858359244,-35.2839));
#4673=CARTESIAN_POINT('',(151.9134,2.24186858359244,-35.2839));
#4674=CARTESIAN_POINT('',(146.7699,2.24186858359244,-34.9791));
#4675=CARTESIAN_POINT('',(151.9134,2.24186858359244,-34.9791));
#4676=CARTESIAN_POINT('',(146.7699,2.24186858359239,39.53));
#4677=CARTESIAN_POINT('Origin',(151.9134,16.2,-35.2839));
#4678=CARTESIAN_POINT('',(146.7699,16.059,-35.2839));
#4679=CARTESIAN_POINT('',(146.7699,5.39100000000001,-35.2839));
#4680=CARTESIAN_POINT('',(140.6749,16.059,-35.2839));
#4681=CARTESIAN_POINT('Origin',(151.9134,1.20000000000001,1.));
#4682=CARTESIAN_POINT('',(151.9134,5.39100000000001,35.42));
#4683=CARTESIAN_POINT('',(151.9134,16.059,35.42));
#4684=CARTESIAN_POINT('',(151.9134,1.20000000000001,35.42));
#4685=CARTESIAN_POINT('',(151.9134,5.39100000000001,36.9791));
#4686=CARTESIAN_POINT('',(151.9134,5.391,34.));
#4687=CARTESIAN_POINT('',(151.9134,2.24186858359244,36.9791));
#4688=CARTESIAN_POINT('',(151.9134,5.39100000000001,36.9791));
#4689=CARTESIAN_POINT('',(151.9134,2.24186858359244,37.2839));
#4690=CARTESIAN_POINT('',(151.9134,2.24186858359244,36.9791));
#4691=CARTESIAN_POINT('',(151.9134,16.059,37.2839));
#4692=CARTESIAN_POINT('',(151.9134,16.2,37.2839));
#4693=CARTESIAN_POINT('',(151.9134,16.059,39.53));
#4694=CARTESIAN_POINT('Origin',(151.9134,16.2,37.2839));
#4695=CARTESIAN_POINT('',(150.5799,2.24186858359244,37.2839));
#4696=CARTESIAN_POINT('',(151.9134,2.24186858359244,37.2839));
#4697=CARTESIAN_POINT('',(150.5799,16.059,37.2839));
#4698=CARTESIAN_POINT('',(150.5799,16.059,37.2839));
#4699=CARTESIAN_POINT('',(150.5799,16.059,37.2839));
#4700=CARTESIAN_POINT('Origin',(151.9134,2.24186858359244,36.9791));
#4701=CARTESIAN_POINT('',(150.5799,2.24186858359244,36.9791));
#4702=CARTESIAN_POINT('',(150.5799,2.24186858359244,39.53));
#4703=CARTESIAN_POINT('',(151.9134,2.24186858359244,36.9791));
#4704=CARTESIAN_POINT('Origin',(151.9134,2.24186858359244,36.9791));
#4705=CARTESIAN_POINT('',(145.4364,2.24186858359244,36.9791));
#4706=CARTESIAN_POINT('',(151.9134,2.24186858359244,36.9791));
#4707=CARTESIAN_POINT('',(145.4364,2.24186858359244,37.2839));
#4708=CARTESIAN_POINT('',(145.4364,2.24186858359244,36.9791));
#4709=CARTESIAN_POINT('',(151.9134,2.24186858359244,37.2839));
#4710=CARTESIAN_POINT('Origin',(151.9134,16.2,37.2839));
#4711=CARTESIAN_POINT('',(145.4364,16.059,37.2839));
#4712=CARTESIAN_POINT('',(145.4364,16.2,37.2839));
#4713=CARTESIAN_POINT('',(140.6749,16.059,37.2839));
#4714=CARTESIAN_POINT('Origin',(145.4364,1.20000000000001,1.));
#4715=CARTESIAN_POINT('',(145.4364,5.39100000000001,36.9791));
#4716=CARTESIAN_POINT('',(145.4364,5.39100000000001,36.9791));
#4717=CARTESIAN_POINT('',(145.4364,5.39100000000001,35.42));
#4718=CARTESIAN_POINT('',(145.4364,5.391,34.));
#4719=CARTESIAN_POINT('',(145.4364,16.059,35.42));
#4720=CARTESIAN_POINT('',(145.4364,1.20000000000001,35.42));
#4721=CARTESIAN_POINT('',(145.4364,16.059,39.53));
#4722=CARTESIAN_POINT('Origin',(157.73,5.39000000000001,-1.54));
#4723=CARTESIAN_POINT('',(157.73,1.20000000000001,-1.54));
#4724=CARTESIAN_POINT('',(157.73,1.20000000000001,3.54));
#4725=CARTESIAN_POINT('',(157.73,1.2,2.23));
#4726=CARTESIAN_POINT('',(157.73,5.39000000000001,-1.54));
#4727=CARTESIAN_POINT('',(157.73,5.39000000000001,-1.54));
#4728=CARTESIAN_POINT('',(157.73,5.39000000000001,3.54));
#4729=CARTESIAN_POINT('',(157.73,5.39000000000001,-1.54));
#4730=CARTESIAN_POINT('',(157.73,5.39000000000001,3.54));
#4731=CARTESIAN_POINT('Origin',(148.6749,5.39000000000001,1.));
#4732=CARTESIAN_POINT('',(162.81,5.39000000000001,3.54));
#4733=CARTESIAN_POINT('',(162.81,5.39000000000001,-1.54));
#4734=CARTESIAN_POINT('Origin',(162.81,5.39000000000001,3.54));
#4735=CARTESIAN_POINT('',(146.3073048022,1.2,3.54));
#4736=CARTESIAN_POINT('Origin',(162.81,5.39000000000001,-1.54));
#4737=CARTESIAN_POINT('',(146.3073048022,1.2,-1.54));
#4738=CARTESIAN_POINT('Origin',(139.6198,5.39000000000001,-1.54));
#4739=CARTESIAN_POINT('',(139.6198,1.20000000000001,3.54));
#4740=CARTESIAN_POINT('',(139.6198,1.20000000000001,-1.54));
#4741=CARTESIAN_POINT('',(139.6198,1.2,2.23));
#4742=CARTESIAN_POINT('',(139.6198,5.39000000000001,3.54));
#4743=CARTESIAN_POINT('',(139.6198,5.39000000000001,3.54));
#4744=CARTESIAN_POINT('',(139.6198,5.39000000000001,-1.54));
#4745=CARTESIAN_POINT('',(139.6198,5.39000000000001,-1.54));
#4746=CARTESIAN_POINT('',(139.6198,5.39000000000001,-1.54));
#4747=CARTESIAN_POINT('Origin',(148.6749,5.39000000000001,1.));
#4748=CARTESIAN_POINT('',(134.5398,5.39000000000001,-1.54));
#4749=CARTESIAN_POINT('',(134.5398,5.39000000000001,3.54));
#4750=CARTESIAN_POINT('Origin',(134.5398,5.39000000000001,3.54));
#4751=CARTESIAN_POINT('',(132.1722048022,1.2,3.54));
#4752=CARTESIAN_POINT('Origin',(134.5398,5.39000000000001,-1.54));
#4753=CARTESIAN_POINT('',(132.1722048022,1.2,-1.54));
#4754=CARTESIAN_POINT('Origin',(150.5799,16.059,36.9791));
#4755=CARTESIAN_POINT('',(146.7699,5.39100000000001,36.9791));
#4756=CARTESIAN_POINT('',(150.5799,1.20000000000001,36.9791));
#4757=CARTESIAN_POINT('',(140.1922548022,1.2,36.9791));
#4758=CARTESIAN_POINT('',(150.5799,16.059,36.9791));
#4759=CARTESIAN_POINT('Origin',(148.6749,16.059,-34.9791));
#4760=CARTESIAN_POINT('',(146.7699,1.20000000000001,-34.9791));
#4761=CARTESIAN_POINT('',(146.7699,16.059,-34.9791));
#4762=CARTESIAN_POINT('',(146.7699,5.39100000000001,-34.9791));
#4763=CARTESIAN_POINT('',(139.2397548022,1.2,-34.9791));
#4764=CARTESIAN_POINT('Origin',(152.7999,16.059,-32.401));
#4765=CARTESIAN_POINT('',(152.7999,1.20000000000001,-32.401));
#4766=CARTESIAN_POINT('',(152.7999,16.059,-32.401));
#4767=CARTESIAN_POINT('',(152.7999,1.20000000000001,34.401));
#4768=CARTESIAN_POINT('',(152.7999,1.2,-13.2005));
#4769=CARTESIAN_POINT('',(152.7999,16.059,34.401));
#4770=CARTESIAN_POINT('Origin',(152.7999,16.059,34.401));
#4771=CARTESIAN_POINT('',(144.5499,1.20000000000001,34.401));
#4772=CARTESIAN_POINT('',(141.3022548022,1.2,34.401));
#4773=CARTESIAN_POINT('',(144.5499,2.51427429244014,34.401));
#4774=CARTESIAN_POINT('',(144.5499,16.059,34.401));
#4775=CARTESIAN_POINT('',(148.6749,2.51427429244014,34.401));
#4776=CARTESIAN_POINT('Origin',(144.5499,16.059,-32.401));
#4777=CARTESIAN_POINT('',(144.5499,2.51427429244014,-32.401));
#4778=CARTESIAN_POINT('',(144.5499,1.20000000000001,-32.401));
#4779=CARTESIAN_POINT('',(144.5499,16.059,-32.401));
#4780=CARTESIAN_POINT('',(137.1772548022,1.2,-32.401));
#4781=CARTESIAN_POINT('',(148.6749,2.51427429244014,-32.401));
#4782=CARTESIAN_POINT('Origin',(144.5499,16.059,34.401));
#4783=CARTESIAN_POINT('',(144.5499,1.2,20.2005));
#4784=CARTESIAN_POINT('',(144.5499,2.51427429244014,35.42));
#4785=CARTESIAN_POINT('Origin',(148.6749,2.51427429244014,35.42));
#4786=CARTESIAN_POINT('',(144.5499,2.51427429244014,35.42));
#4787=CARTESIAN_POINT('',(144.5499,2.51427429244014,35.42));
#4788=CARTESIAN_POINT('',(148.6749,2.51427429244014,35.42));
#4789=CARTESIAN_POINT('Origin',(146.7699,5.39100000000001,39.53));
#4790=CARTESIAN_POINT('',(146.7699,1.20000000000001,-37.53));
#4791=CARTESIAN_POINT('',(146.7699,1.2,22.765));
#4792=CARTESIAN_POINT('',(146.7699,15.043,-37.53));
#4793=CARTESIAN_POINT('',(146.7699,5.39100000000001,-37.53));
#4794=CARTESIAN_POINT('',(146.7699,16.059,-36.514));
#4795=CARTESIAN_POINT('Origin',(146.7699,15.043,-36.514));
#4796=CARTESIAN_POINT('',(146.7699,16.059,39.53));
#4797=CARTESIAN_POINT('Origin',(159.0049,16.06,39.53));
#4798=CARTESIAN_POINT('',(150.5799,15.043,39.53));
#4799=CARTESIAN_POINT('',(150.5799,1.20000000000001,39.53));
#4800=CARTESIAN_POINT('',(150.5799,16.059,39.53));
#4801=CARTESIAN_POINT('',(144.4047548022,1.2,39.53));
#4802=CARTESIAN_POINT('',(157.024736855102,15.043,39.53));
#4803=CARTESIAN_POINT('',(159.,9.30641928831582,39.53));
#4804=CARTESIAN_POINT('',(150.5799,15.043,39.53));
#4805=CARTESIAN_POINT('Origin',(148.6749,2.51427429244014,35.42));
#4806=CARTESIAN_POINT('',(144.5499,2.51427429244014,35.42));
#4807=CARTESIAN_POINT('Origin',(146.7699,5.39100000000001,39.53));
#4808=CARTESIAN_POINT('Origin',(159.0049,16.06,-37.53));
#4809=CARTESIAN_POINT('',(144.4047548022,1.2,-37.53));
#4810=CARTESIAN_POINT('',(140.325063144898,15.043,-37.53));
#4811=CARTESIAN_POINT('',(140.6749,16.059,-37.53));
#4812=CARTESIAN_POINT('',(146.7699,15.043,-37.53));
#4813=CARTESIAN_POINT('Origin',(146.7699,5.39100000000001,39.53));
#4814=CARTESIAN_POINT('',(146.7699,5.39100000000001,35.42));
#4815=CARTESIAN_POINT('Origin',(148.6749,1.20000000000001,35.42));
#4816=CARTESIAN_POINT('',(156.6749,16.059,35.42));
#4817=CARTESIAN_POINT('',(150.5799,16.059,35.42));
#4818=CARTESIAN_POINT('',(158.905109951277,9.58200000000001,35.42));
#4819=CARTESIAN_POINT('',(159.,9.30641928831582,35.42));
#4820=CARTESIAN_POINT('',(148.6749,9.58200000000001,35.42));
#4821=CARTESIAN_POINT('',(139.486530589184,9.582,35.42));
#4822=CARTESIAN_POINT('Origin',(148.6749,10.8170338337011,35.42));
#4823=CARTESIAN_POINT('',(138.444690048723,9.582,35.42));
#4824=CARTESIAN_POINT('',(148.6749,9.58200000000001,35.42));
#4825=CARTESIAN_POINT('',(140.6749,16.059,35.42));
#4826=CARTESIAN_POINT('',(140.6749,16.059,35.42));
#4827=CARTESIAN_POINT('',(140.6749,16.059,35.42));
#4828=CARTESIAN_POINT('Origin',(150.5799,16.059,39.53));
#4829=CARTESIAN_POINT('',(150.5799,1.2,22.765));
#4830=CARTESIAN_POINT('',(150.5799,16.059,38.514));
#4831=CARTESIAN_POINT('Origin',(150.5799,15.043,38.514));
#4832=CARTESIAN_POINT('',(150.5799,16.059,39.53));
#4833=CARTESIAN_POINT('Origin',(148.6749,10.8170338337011,35.42));
#4834=CARTESIAN_POINT('',(139.748744809101,8.312,-32.15));
#4835=CARTESIAN_POINT('Ctrl Pts',(139.486530589184,9.582,-33.42));
#4836=CARTESIAN_POINT('Ctrl Pts',(139.508162825919,9.42106110352943,-33.42));
#4837=CARTESIAN_POINT('Ctrl Pts',(139.53587493824,9.25014309462058,-33.3875990087521));
#4838=CARTESIAN_POINT('Ctrl Pts',(139.595237996239,8.93643191744484,-33.2568071832208));
#4839=CARTESIAN_POINT('Ctrl Pts',(139.626665570345,8.79358536039285,-33.1584431243463));
#4840=CARTESIAN_POINT('Ctrl Pts',(139.679677192047,8.5697190896656,-32.9329536203509));
#4841=CARTESIAN_POINT('Ctrl Pts',(139.704905463849,8.47287257257278,-32.7912168775804));
#4842=CARTESIAN_POINT('Ctrl Pts',(139.739578850476,8.34399318954173,-32.4796388631688));
#4843=CARTESIAN_POINT('Ctrl Pts',(139.748744809101,8.312,-32.3097501802148));
#4844=CARTESIAN_POINT('Ctrl Pts',(139.748744809101,8.312,-32.15));
#4845=CARTESIAN_POINT('',(139.748744809101,8.312,34.15));
#4846=CARTESIAN_POINT('',(139.748744809101,8.312,35.42));
#4847=CARTESIAN_POINT('Ctrl Pts',(139.748744809101,8.312,34.15));
#4848=CARTESIAN_POINT('Ctrl Pts',(139.748744809101,8.31200000000001,34.3097501802148));
#4849=CARTESIAN_POINT('Ctrl Pts',(139.739578850476,8.34399318954173,34.4796388631688));
#4850=CARTESIAN_POINT('Ctrl Pts',(139.704905463849,8.47287257257277,34.7912168775804));
#4851=CARTESIAN_POINT('Ctrl Pts',(139.679677192047,8.5697190896656,34.9329536203509));
#4852=CARTESIAN_POINT('Ctrl Pts',(139.626665570345,8.79358536039284,35.1584431243463));
#4853=CARTESIAN_POINT('Ctrl Pts',(139.595237996239,8.93643191744483,35.2568071832208));
#4854=CARTESIAN_POINT('Ctrl Pts',(139.53587493824,9.25014309462058,35.3875990087521));
#4855=CARTESIAN_POINT('Ctrl Pts',(139.508162825919,9.42106110352943,35.42));
#4856=CARTESIAN_POINT('Ctrl Pts',(139.486530589184,9.582,35.42));
#4857=CARTESIAN_POINT('Origin',(129.804609604401,1.2,6.));
#4858=CARTESIAN_POINT('',(164.7,1.2,-17.));
#4859=CARTESIAN_POINT('Origin',(129.804609604401,1.2,6.));
#4860=CARTESIAN_POINT('Origin',(129.804609604401,1.2,6.));
#4861=CARTESIAN_POINT('Origin',(164.7,0.,-40.));
#4862=CARTESIAN_POINT('',(164.7,41.2,-17.));
#4863=CARTESIAN_POINT('Origin',(129.804609604401,1.2,-4.));
#4864=CARTESIAN_POINT('Origin',(129.804609604401,1.2,6.));
#4865=CARTESIAN_POINT('',(82.6092192088019,1.2,35.));
#4866=CARTESIAN_POINT('',(138.4023048022,1.2,35.));
#4867=CARTESIAN_POINT('',(86.6092192088019,1.2,39.));
#4868=CARTESIAN_POINT('Origin',(82.6092192088019,1.2,39.));
#4869=CARTESIAN_POINT('',(86.6092192088019,1.2,22.5));
#4870=CARTESIAN_POINT('Origin',(114.804609604401,1.2,-4.));
#4871=CARTESIAN_POINT('Origin',(114.804609604401,1.2,6.));
#4872=CARTESIAN_POINT('Origin',(86.6092192088019,31.2,39.));
#4873=CARTESIAN_POINT('',(86.6092192088019,41.2,39.));
#4874=CARTESIAN_POINT('',(86.6092192088019,31.2,39.));
#4875=CARTESIAN_POINT('',(86.6092192088019,41.2,22.5));
#4876=CARTESIAN_POINT('Origin',(82.6092192088019,31.2,39.));
#4877=CARTESIAN_POINT('',(82.6092192088019,41.2,35.));
#4878=CARTESIAN_POINT('',(82.6092192088019,21.2,35.));
#4879=CARTESIAN_POINT('Origin',(82.6092192088019,41.2,39.));
#4880=CARTESIAN_POINT('Origin',(147.,31.2,35.));
#4881=CARTESIAN_POINT('',(138.4023048022,41.2,35.));
#4882=CARTESIAN_POINT('Origin',(169.2,0.,-41.2));
#4883=CARTESIAN_POINT('',(151.2,0.,-41.2));
#4884=CARTESIAN_POINT('Origin',(138.3498,8.31200000000001,-12.081));
#4885=CARTESIAN_POINT('',(148.6749,8.312,34.15));
#4886=CARTESIAN_POINT('',(148.6749,8.31200000000001,-32.15));
#4887=CARTESIAN_POINT('Origin',(150.5799,16.059,39.53));
#4888=CARTESIAN_POINT('',(156.6749,16.059,38.514));
#4889=CARTESIAN_POINT('',(156.6749,16.059,38.514));
#4890=CARTESIAN_POINT('',(156.6749,16.059,39.53));
#4891=CARTESIAN_POINT('Origin',(159.,9.30641928831582,39.53));
#4892=CARTESIAN_POINT('',(156.6749,16.059,-36.514));
#4893=CARTESIAN_POINT('Origin',(157.024736855102,15.0430000000006,-36.5140000000006));
#4894=CARTESIAN_POINT('',(156.6749,16.059,39.53));
#4895=CARTESIAN_POINT('Origin',(158.905109951277,9.58200000000001,-32.15));
#4896=CARTESIAN_POINT('Origin',(150.5799,16.059,39.53));
#4897=CARTESIAN_POINT('',(150.5799,16.059,-36.514));
#4898=CARTESIAN_POINT('Origin',(148.6749,9.58200000000001,-32.15));
#4899=CARTESIAN_POINT('Origin',(148.6749,9.58200000000001,34.15));
#4900=CARTESIAN_POINT('Origin',(158.905109951277,9.58200000000001,34.15));
#4901=CARTESIAN_POINT('Origin',(150.5799,15.043,38.514));
#4902=CARTESIAN_POINT('Origin',(157.024736855102,15.0429999999999,38.5139999999999));
#4903=CARTESIAN_POINT('Origin',(159.0049,15.043,-36.514));
#4904=CARTESIAN_POINT('Origin',(129.804609604401,41.2,6.));
#4905=CARTESIAN_POINT('',(151.2,41.2,43.2));
#4906=CARTESIAN_POINT('Origin',(159.,9.30641928831582,39.53));
#4907=CARTESIAN_POINT('Origin',(140.6749,15.043,38.514));
#4908=CARTESIAN_POINT('',(140.6749,16.059,38.514));
#4909=CARTESIAN_POINT('Origin',(140.325063144898,15.0430000000004,38.5140000000004));
#4910=CARTESIAN_POINT('',(146.7699,16.059,38.514));
#4911=CARTESIAN_POINT('Origin',(148.6749,9.58200000000001,34.15));
#4912=CARTESIAN_POINT('',(148.6749,8.312,34.15));
#4913=CARTESIAN_POINT('Origin',(138.444690048723,9.582,34.15));
#4914=CARTESIAN_POINT('Origin',(140.6749,16.059,39.53));
#4915=CARTESIAN_POINT('',(140.6749,16.059,39.53));
#4916=CARTESIAN_POINT('Origin',(140.6749,16.059,39.53));
#4917=CARTESIAN_POINT('Origin',(138.3498,8.31200000000001,-12.081));
#4918=CARTESIAN_POINT('',(148.6749,8.31200000000001,-32.15));
#4919=CARTESIAN_POINT('Origin',(140.6749,16.059,39.53));
#4920=CARTESIAN_POINT('',(140.6749,16.059,-36.514));
#4921=CARTESIAN_POINT('',(140.6749,16.059,-36.514));
#4922=CARTESIAN_POINT('',(140.6749,16.059,39.53));
#4923=CARTESIAN_POINT('Origin',(140.6749,16.059,39.53));
#4924=CARTESIAN_POINT('Origin',(140.325063144898,15.0430000000004,-36.5140000000003));
#4925=CARTESIAN_POINT('Origin',(138.444690048723,9.582,-32.15));
#4926=CARTESIAN_POINT('Origin',(148.6749,9.58200000000001,-32.15));
#4927=CARTESIAN_POINT('Origin',(159.0049,15.043,-36.514));
#4928=CARTESIAN_POINT('Origin',(90.4092192088019,0.,43.2));
#4929=CARTESIAN_POINT('',(78.4092192088019,0.,43.2));
#4930=CARTESIAN_POINT('Origin',(129.804609604401,0.,6.));
#4931=CARTESIAN_POINT('Origin',(82.6092192088019,41.2,-31.5));
#4932=CARTESIAN_POINT('',(81.4092192088019,41.2,-31.5));
#4933=CARTESIAN_POINT('',(82.6092192088019,41.2,-31.5));
#4934=CARTESIAN_POINT('',(106.206914406601,41.2,-31.5));
#4935=CARTESIAN_POINT('',(81.4092192088019,39.7,-31.5));
#4936=CARTESIAN_POINT('',(81.4092192088019,41.2,-31.5));
#4937=CARTESIAN_POINT('',(82.6092192088019,39.7,-31.5));
#4938=CARTESIAN_POINT('',(81.4092192088019,39.7,-31.5));
#4939=CARTESIAN_POINT('',(82.6092192088019,41.2,-31.5));
#4940=CARTESIAN_POINT('Origin',(82.6092192088019,41.2,-37.));
#4941=CARTESIAN_POINT('',(88.1092192088019,41.2,-37.));
#4942=CARTESIAN_POINT('Origin',(82.6092192088019,41.2,-37.));
#4943=CARTESIAN_POINT('',(88.1092192088019,39.7,-37.));
#4944=CARTESIAN_POINT('Origin',(82.6092192088019,39.7,-37.));
#4945=CARTESIAN_POINT('',(88.1092192088019,41.2,-37.));
#4946=CARTESIAN_POINT('Origin',(88.1092192088019,41.2,-38.2));
#4947=CARTESIAN_POINT('',(88.1092192088019,41.2,-38.2));
#4948=CARTESIAN_POINT('',(88.1092192088019,41.2,-16.1));
#4949=CARTESIAN_POINT('',(88.1092192088019,39.7,-38.2));
#4950=CARTESIAN_POINT('',(88.1092192088019,39.7,-37.));
#4951=CARTESIAN_POINT('',(88.1092192088019,41.2,-38.2));
#4952=CARTESIAN_POINT('Origin',(156.5,41.2,-38.2));
#4953=CARTESIAN_POINT('',(156.5,41.2,-38.2));
#4954=CARTESIAN_POINT('',(143.1523048022,41.2,-38.2));
#4955=CARTESIAN_POINT('',(156.5,39.7,-38.2));
#4956=CARTESIAN_POINT('',(88.1092192088019,39.7,-38.2));
#4957=CARTESIAN_POINT('',(156.5,41.2,-38.2));
#4958=CARTESIAN_POINT('Origin',(156.5,41.2,-37.));
#4959=CARTESIAN_POINT('',(156.5,41.2,-37.));
#4960=CARTESIAN_POINT('',(156.5,41.2,-15.5));
#4961=CARTESIAN_POINT('',(156.5,39.7,-37.));
#4962=CARTESIAN_POINT('',(156.5,39.7,-38.2));
#4963=CARTESIAN_POINT('',(156.5,41.2,-37.));
#4964=CARTESIAN_POINT('Origin',(162.,41.2,-37.));
#4965=CARTESIAN_POINT('',(162.,41.2,-31.5));
#4966=CARTESIAN_POINT('Origin',(162.,41.2,-37.));
#4967=CARTESIAN_POINT('',(162.,39.7,-31.5));
#4968=CARTESIAN_POINT('Origin',(162.,39.7,-37.));
#4969=CARTESIAN_POINT('',(162.,41.2,-31.5));
#4970=CARTESIAN_POINT('Origin',(163.2,41.2,-31.5));
#4971=CARTESIAN_POINT('',(163.2,41.2,-31.5));
#4972=CARTESIAN_POINT('',(146.5023048022,41.2,-31.4999999999998));
#4973=CARTESIAN_POINT('',(163.2,39.7,-31.5));
#4974=CARTESIAN_POINT('',(162.,39.7,-31.5));
#4975=CARTESIAN_POINT('',(163.2,41.2,-31.5));
#4976=CARTESIAN_POINT('Origin',(163.2,41.2,33.5));
#4977=CARTESIAN_POINT('',(163.2,41.2,33.5));
#4978=CARTESIAN_POINT('',(163.2,41.2,19.75));
#4979=CARTESIAN_POINT('',(163.2,39.7,33.5));
#4980=CARTESIAN_POINT('',(163.2,39.7,-31.5));
#4981=CARTESIAN_POINT('',(163.2,41.2,33.5));
#4982=CARTESIAN_POINT('Origin',(162.,41.2,33.5));
#4983=CARTESIAN_POINT('',(162.,41.2,33.5));
#4984=CARTESIAN_POINT('',(145.9023048022,41.2,33.5));
#4985=CARTESIAN_POINT('',(162.,39.7,33.5));
#4986=CARTESIAN_POINT('',(163.2,39.7,33.5));
#4987=CARTESIAN_POINT('',(162.,41.2,33.5));
#4988=CARTESIAN_POINT('Origin',(162.,41.2,39.));
#4989=CARTESIAN_POINT('',(156.5,41.2,39.));
#4990=CARTESIAN_POINT('Origin',(162.,41.2,39.));
#4991=CARTESIAN_POINT('',(156.5,39.7,39.));
#4992=CARTESIAN_POINT('Origin',(162.,39.7,39.));
#4993=CARTESIAN_POINT('',(156.5,41.2,39.));
#4994=CARTESIAN_POINT('Origin',(156.5,41.2,40.2));
#4995=CARTESIAN_POINT('',(156.5,41.2,40.2));
#4996=CARTESIAN_POINT('',(156.5,41.2,23.1));
#4997=CARTESIAN_POINT('',(156.5,39.7,40.2));
#4998=CARTESIAN_POINT('',(156.5,39.7,39.));
#4999=CARTESIAN_POINT('',(156.5,41.2,40.2));
#5000=CARTESIAN_POINT('Origin',(88.1092192088019,41.2,40.2));
#5001=CARTESIAN_POINT('',(88.1092192088019,41.2,40.2));
#5002=CARTESIAN_POINT('',(108.956914406601,41.2,40.2));
#5003=CARTESIAN_POINT('',(88.1092192088019,39.7,40.2));
#5004=CARTESIAN_POINT('',(156.5,39.7,40.2));
#5005=CARTESIAN_POINT('',(88.1092192088019,41.2,40.2));
#5006=CARTESIAN_POINT('Origin',(88.1092192088019,41.2,39.));
#5007=CARTESIAN_POINT('',(88.1092192088019,41.2,39.));
#5008=CARTESIAN_POINT('',(88.1092192088019,41.2,22.5));
#5009=CARTESIAN_POINT('',(88.1092192088019,39.7,39.));
#5010=CARTESIAN_POINT('',(88.1092192088019,39.7,40.2));
#5011=CARTESIAN_POINT('',(88.1092192088019,41.2,39.));
#5012=CARTESIAN_POINT('Origin',(82.6092192088019,41.2,39.));
#5013=CARTESIAN_POINT('',(82.6092192088019,41.2,33.5));
#5014=CARTESIAN_POINT('Origin',(82.6092192088019,41.2,39.));
#5015=CARTESIAN_POINT('',(82.6092192088019,39.7,33.5));
#5016=CARTESIAN_POINT('Origin',(82.6092192088019,39.7,39.));
#5017=CARTESIAN_POINT('',(82.6092192088019,41.2,33.5));
#5018=CARTESIAN_POINT('Origin',(81.4092192088019,41.2,33.5));
#5019=CARTESIAN_POINT('',(81.4092192088019,41.2,33.5));
#5020=CARTESIAN_POINT('',(105.606914406601,41.2,33.5000000000003));
#5021=CARTESIAN_POINT('',(81.4092192088019,39.7,33.5));
#5022=CARTESIAN_POINT('',(82.6092192088019,39.7,33.5));
#5023=CARTESIAN_POINT('',(81.4092192088019,41.2,33.5));
#5024=CARTESIAN_POINT('Origin',(81.4092192088019,41.2,-31.5));
#5025=CARTESIAN_POINT('',(81.4092192088019,41.2,-12.75));
#5026=CARTESIAN_POINT('',(81.4092192088019,39.7,33.5));
#5027=CARTESIAN_POINT('Origin',(157.5,41.2,39.));
#5028=CARTESIAN_POINT('',(157.5,41.2,41.2));
#5029=CARTESIAN_POINT('',(157.5,41.2,39.));
#5030=CARTESIAN_POINT('',(157.5,41.2,22.5000000000001));
#5031=CARTESIAN_POINT('',(157.5,39.7,41.2));
#5032=CARTESIAN_POINT('',(157.5,41.2,41.2));
#5033=CARTESIAN_POINT('',(157.5,39.7,39.));
#5034=CARTESIAN_POINT('',(157.5,39.7,39.));
#5035=CARTESIAN_POINT('',(157.5,41.2,39.));
#5036=CARTESIAN_POINT('Origin',(162.,41.2,39.));
#5037=CARTESIAN_POINT('',(162.,41.2,34.5));
#5038=CARTESIAN_POINT('Origin',(162.,41.2,39.));
#5039=CARTESIAN_POINT('',(162.,39.7,34.5));
#5040=CARTESIAN_POINT('Origin',(162.,39.7,39.));
#5041=CARTESIAN_POINT('',(162.,41.2,34.5));
#5042=CARTESIAN_POINT('Origin',(164.2,41.2,34.5));
#5043=CARTESIAN_POINT('',(164.2,41.2,34.5));
#5044=CARTESIAN_POINT('',(147.0023048022,41.2,34.5));
#5045=CARTESIAN_POINT('',(164.2,39.7,34.5));
#5046=CARTESIAN_POINT('',(164.2,39.7,34.5));
#5047=CARTESIAN_POINT('',(164.2,41.2,34.5));
#5048=CARTESIAN_POINT('Origin',(164.2,41.2,-32.5));
#5049=CARTESIAN_POINT('',(164.2,41.2,-32.5));
#5050=CARTESIAN_POINT('',(164.2,41.2,-13.25));
#5051=CARTESIAN_POINT('',(164.2,39.7,-32.5));
#5052=CARTESIAN_POINT('',(164.2,39.7,-32.5));
#5053=CARTESIAN_POINT('',(164.2,41.2,-32.5));
#5054=CARTESIAN_POINT('Origin',(162.,41.2,-32.5));
#5055=CARTESIAN_POINT('',(162.,41.2,-32.5));
#5056=CARTESIAN_POINT('',(145.9023048022,41.2,-32.4999999999999));
#5057=CARTESIAN_POINT('',(162.,39.7,-32.5));
#5058=CARTESIAN_POINT('',(162.,39.7,-32.5));
#5059=CARTESIAN_POINT('',(162.,41.2,-32.5));
#5060=CARTESIAN_POINT('Origin',(162.,41.2,-37.));
#5061=CARTESIAN_POINT('',(157.5,41.2,-37.));
#5062=CARTESIAN_POINT('Origin',(162.,41.2,-37.));
#5063=CARTESIAN_POINT('',(157.5,39.7,-37.));
#5064=CARTESIAN_POINT('Origin',(162.,39.7,-37.));
#5065=CARTESIAN_POINT('',(157.5,41.2,-37.));
#5066=CARTESIAN_POINT('Origin',(157.5,41.2,-39.2));
#5067=CARTESIAN_POINT('',(157.5,41.2,-39.2));
#5068=CARTESIAN_POINT('',(157.5,41.2,-16.6));
#5069=CARTESIAN_POINT('',(157.5,39.7,-39.2));
#5070=CARTESIAN_POINT('',(157.5,39.7,-39.2));
#5071=CARTESIAN_POINT('',(157.5,41.2,-39.2));
#5072=CARTESIAN_POINT('Origin',(87.1092192088019,41.2,-39.2));
#5073=CARTESIAN_POINT('',(87.1092192088019,41.2,-39.2));
#5074=CARTESIAN_POINT('',(108.456914406601,41.2,-39.2));
#5075=CARTESIAN_POINT('',(87.1092192088019,39.7,-39.2));
#5076=CARTESIAN_POINT('',(87.1092192088019,39.7,-39.2));
#5077=CARTESIAN_POINT('',(87.1092192088019,41.2,-39.2));
#5078=CARTESIAN_POINT('Origin',(87.1092192088019,41.2,-37.));
#5079=CARTESIAN_POINT('',(87.1092192088019,41.2,-37.));
#5080=CARTESIAN_POINT('',(87.1092192088017,41.2,-15.5000000000002));
#5081=CARTESIAN_POINT('',(87.1092192088019,39.7,-37.));
#5082=CARTESIAN_POINT('',(87.1092192088019,39.7,-37.));
#5083=CARTESIAN_POINT('',(87.1092192088019,41.2,-37.));
#5084=CARTESIAN_POINT('Origin',(82.6092192088019,41.2,-37.));
#5085=CARTESIAN_POINT('',(82.6092192088019,41.2,-32.5));
#5086=CARTESIAN_POINT('Origin',(82.6092192088019,41.2,-37.));
#5087=CARTESIAN_POINT('',(82.6092192088019,39.7,-32.5));
#5088=CARTESIAN_POINT('Origin',(82.6092192088019,39.7,-37.));
#5089=CARTESIAN_POINT('',(82.6092192088019,41.2,-32.5));
#5090=CARTESIAN_POINT('Origin',(80.4092192088019,41.2,-32.5));
#5091=CARTESIAN_POINT('',(80.4092192088019,41.2,-32.5));
#5092=CARTESIAN_POINT('',(105.106914406601,41.2,-32.5));
#5093=CARTESIAN_POINT('',(80.4092192088019,39.7,-32.5));
#5094=CARTESIAN_POINT('',(80.4092192088019,39.7,-32.5));
#5095=CARTESIAN_POINT('',(80.4092192088019,41.2,-32.5));
#5096=CARTESIAN_POINT('Origin',(80.4092192088019,41.2,34.5));
#5097=CARTESIAN_POINT('',(80.4092192088019,41.2,34.5));
#5098=CARTESIAN_POINT('',(80.4092192088019,41.2,20.25));
#5099=CARTESIAN_POINT('',(80.4092192088019,39.7,34.5));
#5100=CARTESIAN_POINT('',(80.4092192088019,39.7,34.5));
#5101=CARTESIAN_POINT('',(80.4092192088019,41.2,34.5));
#5102=CARTESIAN_POINT('Origin',(82.6092192088019,41.2,34.5));
#5103=CARTESIAN_POINT('',(82.6092192088019,41.2,34.5));
#5104=CARTESIAN_POINT('',(106.206914406601,41.2,34.5000000000002));
#5105=CARTESIAN_POINT('',(82.6092192088019,39.7,34.5));
#5106=CARTESIAN_POINT('',(82.6092192088019,39.7,34.5));
#5107=CARTESIAN_POINT('',(82.6092192088019,41.2,34.5));
#5108=CARTESIAN_POINT('Origin',(82.6092192088019,41.2,39.));
#5109=CARTESIAN_POINT('',(87.1092192088019,41.2,39.));
#5110=CARTESIAN_POINT('Origin',(82.6092192088019,41.2,39.));
#5111=CARTESIAN_POINT('',(87.1092192088019,39.7,39.));
#5112=CARTESIAN_POINT('Origin',(82.6092192088019,39.7,39.));
#5113=CARTESIAN_POINT('',(87.1092192088019,41.2,39.));
#5114=CARTESIAN_POINT('Origin',(87.1092192088019,41.2,41.2));
#5115=CARTESIAN_POINT('',(87.1092192088019,41.2,41.2));
#5116=CARTESIAN_POINT('',(87.1092192088017,41.2,23.6000000000002));
#5117=CARTESIAN_POINT('',(87.1092192088019,39.7,41.2));
#5118=CARTESIAN_POINT('',(87.1092192088019,39.7,41.2));
#5119=CARTESIAN_POINT('',(87.1092192088019,41.2,41.2));
#5120=CARTESIAN_POINT('Origin',(157.5,41.2,41.2));
#5121=CARTESIAN_POINT('',(143.6523048022,41.2,41.2));
#5122=CARTESIAN_POINT('',(157.5,39.7,41.2));
#5123=CARTESIAN_POINT('Origin',(122.304609604401,39.7,1.00000000000001));
#5124=CARTESIAN_POINT('Origin',(129.804609604401,41.2,6.00000000000001));
#5125=CARTESIAN_POINT('',(166.2,41.2,-41.2));
#5126=CARTESIAN_POINT('',(78.4092192088019,41.2,-41.2));
#5127=CARTESIAN_POINT('',(166.2,41.2,-41.2));
#5128=CARTESIAN_POINT('',(166.2,41.2,43.2));
#5129=CARTESIAN_POINT('',(166.2,41.2,33.2));
#5130=CARTESIAN_POINT('',(78.4092192088019,41.2,43.2));
#5131=CARTESIAN_POINT('',(78.4092192088019,41.2,43.2));
#5132=CARTESIAN_POINT('',(78.4092192088019,41.2,-41.2));
#5133=CARTESIAN_POINT('',(84.2092192088019,41.2,-37.));
#5134=CARTESIAN_POINT('Origin',(82.6092192088019,41.2,-37.));
#5135=CARTESIAN_POINT('',(84.2092192088019,41.2,39.));
#5136=CARTESIAN_POINT('Origin',(82.6092192088019,41.2,39.));
#5137=CARTESIAN_POINT('',(163.6,41.2,-37.));
#5138=CARTESIAN_POINT('Origin',(162.,41.2,-37.));
#5139=CARTESIAN_POINT('',(163.6,41.2,39.));
#5140=CARTESIAN_POINT('Origin',(162.,41.2,39.));
#5141=CARTESIAN_POINT('Origin',(122.3,43.2,-3.9999992467463));
#5142=CARTESIAN_POINT('',(166.2,43.2,-41.2));
#5143=CARTESIAN_POINT('',(166.2,43.2,43.2));
#5144=CARTESIAN_POINT('',(166.2,43.2,22.1));
#5145=CARTESIAN_POINT('',(78.4092192088019,43.2,-41.2));
#5146=CARTESIAN_POINT('',(144.2523048022,43.2,-41.2));
#5147=CARTESIAN_POINT('',(78.4092192088019,43.2,43.2));
#5148=CARTESIAN_POINT('',(78.4092192088019,43.2,-20.1));
#5149=CARTESIAN_POINT('',(100.356914406601,43.2,43.2));
#5150=CARTESIAN_POINT('',(163.6,43.2,39.));
#5151=CARTESIAN_POINT('Origin',(162.,43.2,39.));
#5152=CARTESIAN_POINT('',(163.6,43.2,-37.));
#5153=CARTESIAN_POINT('Origin',(162.,43.2,-37.));
#5154=CARTESIAN_POINT('',(84.2092192088019,43.2,39.));
#5155=CARTESIAN_POINT('Origin',(82.6092192088019,43.2,39.));
#5156=CARTESIAN_POINT('',(84.2092192088019,43.2,-37.));
#5157=CARTESIAN_POINT('Origin',(82.6092192088019,43.2,-37.));
#5158=CARTESIAN_POINT('Origin',(129.804609604401,41.2,6.00000000000001));
#5159=CARTESIAN_POINT('Origin',(82.6092192088019,41.2,39.));
#5160=CARTESIAN_POINT('',(84.2092192088019,41.2,39.));
#5161=CARTESIAN_POINT('Origin',(78.4092192088019,41.2,-31.2));
#5162=CARTESIAN_POINT('',(78.4092192088019,41.2,43.2));
#5163=CARTESIAN_POINT('',(78.4092192088019,41.2,-41.2));
#5164=CARTESIAN_POINT('Origin',(151.2,41.2,-41.2));
#5165=CARTESIAN_POINT('',(166.2,41.2,-41.2));
#5166=CARTESIAN_POINT('Origin',(82.6092192088019,41.2,-37.));
#5167=CARTESIAN_POINT('',(84.2092192088019,41.2,-37.));
#5168=CARTESIAN_POINT('Origin',(93.4092192088019,41.2,43.2));
#5169=CARTESIAN_POINT('',(166.2,41.2,43.2));
#5170=CARTESIAN_POINT('Origin',(162.,41.2,-37.));
#5171=CARTESIAN_POINT('',(163.6,41.2,-37.));
#5172=CARTESIAN_POINT('Origin',(162.,41.2,39.));
#5173=CARTESIAN_POINT('',(163.6,41.2,39.));
#5174=CARTESIAN_POINT('Origin',(166.2,41.2,43.2));
#5175=UNCERTAINTY_MEASURE_WITH_UNIT(LENGTH_MEASURE(0.01),#5179,
'DISTANCE_ACCURACY_VALUE',
'Maximum model space distance between geometric entities at asserted c
onnectivities');
#5176=UNCERTAINTY_MEASURE_WITH_UNIT(LENGTH_MEASURE(0.01),#5179,
'DISTANCE_ACCURACY_VALUE',
'Maximum model space distance between geometric entities at asserted c
onnectivities');
#5177=(
GEOMETRIC_REPRESENTATION_CONTEXT(3)
GLOBAL_UNCERTAINTY_ASSIGNED_CONTEXT((#5175))
GLOBAL_UNIT_ASSIGNED_CONTEXT((#5179,#5181,#5182))
REPRESENTATION_CONTEXT('','3D')
);
#5178=(
GEOMETRIC_REPRESENTATION_CONTEXT(3)
GLOBAL_UNCERTAINTY_ASSIGNED_CONTEXT((#5176))
GLOBAL_UNIT_ASSIGNED_CONTEXT((#5179,#5181,#5182))
REPRESENTATION_CONTEXT('','3D')
);
#5179=(
LENGTH_UNIT()
NAMED_UNIT(*)
SI_UNIT(.MILLI.,.METRE.)
);
#5180=(
LENGTH_UNIT()
NAMED_UNIT(*)
SI_UNIT($,.METRE.)
);
#5181=(
NAMED_UNIT(*)
PLANE_ANGLE_UNIT()
SI_UNIT($,.RADIAN.)
);
#5182=(
NAMED_UNIT(*)
SI_UNIT($,.STERADIAN.)
SOLID_ANGLE_UNIT()
);
#5183=SHAPE_DEFINITION_REPRESENTATION(#5184,#5185);
#5184=PRODUCT_DEFINITION_SHAPE('',$,#5187);
#5185=SHAPE_REPRESENTATION('',(#3104),#5177);
#5186=PRODUCT_DEFINITION_CONTEXT('part definition',#5191,'design');
#5187=PRODUCT_DEFINITION('CAJA','CAJA v5',#5188,#5186);
#5188=PRODUCT_DEFINITION_FORMATION('',$,#5193);
#5189=PRODUCT_RELATED_PRODUCT_CATEGORY('CAJA v5','CAJA v5',(#5193));
#5190=APPLICATION_PROTOCOL_DEFINITION('international standard',
'automotive_design',2009,#5191);
#5191=APPLICATION_CONTEXT(
'Core Data for Automotive Mechanical Design Process');
#5192=PRODUCT_CONTEXT('part definition',#5191,'mechanical');
#5193=PRODUCT('CAJA','CAJA v5',$,(#5192));
#5194=PRESENTATION_STYLE_ASSIGNMENT((#5197));
#5195=PRESENTATION_STYLE_ASSIGNMENT((#5198));
#5196=PRESENTATION_STYLE_ASSIGNMENT((#5199));
#5197=SURFACE_STYLE_USAGE(.BOTH.,#5200);
#5198=SURFACE_STYLE_USAGE(.BOTH.,#5201);
#5199=SURFACE_STYLE_USAGE(.BOTH.,#5202);
#5200=SURFACE_SIDE_STYLE('',(#5203));
#5201=SURFACE_SIDE_STYLE('',(#5204));
#5202=SURFACE_SIDE_STYLE('',(#5205));
#5203=SURFACE_STYLE_FILL_AREA(#5206);
#5204=SURFACE_STYLE_FILL_AREA(#5207);
#5205=SURFACE_STYLE_FILL_AREA(#5208);
#5206=FILL_AREA_STYLE('Acero - Satinado',(#5209));
#5207=FILL_AREA_STYLE('ABS (blanco)',(#5210));
#5208=FILL_AREA_STYLE('Tough 2000 (con impresoras 3D Formlabs SLA)',(#5211));
#5209=FILL_AREA_STYLE_COLOUR('Acero - Satinado',#5212);
#5210=FILL_AREA_STYLE_COLOUR('ABS (blanco)',#5213);
#5211=FILL_AREA_STYLE_COLOUR(
'Tough 2000 (con impresoras 3D Formlabs SLA)',#5214);
#5212=COLOUR_RGB('Acero - Satinado',0.627450980392157,0.627450980392157,
0.627450980392157);
#5213=COLOUR_RGB('ABS (blanco)',0.964705882352941,0.964705882352941,0.952941176470588);
#5214=COLOUR_RGB('Tough 2000 (con impresoras 3D Formlabs SLA)',0.247058823529412,
0.247058823529412,0.247058823529412);
ENDSEC;
END-ISO-10303-21;
